Title,Sub Title,Price,Discount Price,Shipping Price,Shipping From,Url
Shop on eBay,Brand New,$20.00,,,,https://ebay.com/itm/123456?hash=item28caef0a3a:g:E3kAAOSwlGJiMikD&amdata=enc%3AAQAHAAAAsJoWXGf0hxNZspTmhb8%2FTJCCurAWCHuXJ2Xi3S9cwXL6BX04zSEiVaDMCvsUbApftgXEAHGJU1ZGugZO%2FnW1U7Gb6vgoL%2BmXlqCbLkwoZfF3AUAK8YvJ5B4%2BnhFA7ID4dxpYs4jjExEnN5SR2g1mQe7QtLkmGt%2FZ%2FbH2W62cXPuKbf550ExbnBPO2QJyZTXYCuw5KVkMdFMDuoB4p3FwJKcSPzez5kyQyVjyiIq6PB2q%7Ctkp%3ABlBMULq7kqyXYA
Apple MacBook Pro 13 | MacOS Big Sur 2020 | 16GB RAM | 1TB SSD | WARRANTY |,Pre-Owned,$574.99,10% off,+$99.99 , United States,https://www.ebay.com/itm/154201477676?hash=item23e71fd22c:g:dHQAAOSwKepfzlE8&amdata=enc%3AAQAHAAAA4EKgzyeiWV7dhJk3nmqAsirWeJCws2uOXPUkEBFz54STC7%2F%2F7H2YlI1EITTRtIeDrNvYyn2yHcqpWkCGfLeZ4%2BCDM0J6zQHcv55Y8I1IDeQsv3ZdVfV%2BwY44VjFNYF%2F%2Fse4spIwgf3R03LOkBHMMMGYID9eAcYQBMEL5r1T7iFEtysmVGsha12OStCTcqIx1SBRsL3U5zIiTm8KjNn4tvJCSyp%2FaOx7qSkWjm5goNwxGzIY7dPkMqnqOOufK1aXFVh6ex7pNhvu%2FzFH0S0gV0ATzWLbQEQ4u2pcKdhybj6%2Fr%7Ctkp%3ABFBM8sTdkp9g
Apple MacBook Pro 13-Inch 2.5GHz Intel Core i5 4GB RAM 128GB SSD (Mid-2012),Pre-Owned,$150.00,,+$84.55 , United States,https://www.ebay.com/itm/334419615812?hash=item4ddcf66044:g:RKoAAOSwIfBiZ-uG
Apple A1706 MacBook Pro Touch Bar Core i5 8GB 256GB SSD Laptop - Silver,Pre-Owned,$335.00,,+$51.00 , United States,https://www.ebay.com/itm/275313349411?epid=3034916224&hash=item4019f45323:g:n5wAAOSwotFigX5G
"Apple MacBook Pro A1708 13"" (128GB, Intel Core i5, 2.3 GHz, 8 GB) Laptop - MPXQ2",Pre-Owned,$339.99,,+$22.00 , United States,https://www.ebay.com/itm/363848795089?epid=238194934&hash=item54b71403d1:g:7WAAAOSwmPVii~Qw
"2017 Apple MacBook Pro 15"" A1707 i7 7700HQ 2.8GHz 16GB 512GB SSD Touch Bar ""A""",Pre-Owned,$699.00,,+$110.85 , United States,https://www.ebay.com/itm/325124758377?hash=item4bb2f21b69:g:jQcAAOSwkYNg3JdO
"Apple MacBook Air 11in ( 128GB SSD, Intel Core I7-5650U, 2.2GHz, 8GB RAM) Laptop",Pre-Owned,$158.50,,+$25.00 , United States,https://www.ebay.com/itm/165497332586?epid=5045673283&hash=item268868e36a:g:NU4AAOSwsH1ijC-G
"Apple MacBook Pro 13"" A1708 Intel i5 7360U 2.30 Ghz 8 GB Ram 128 SSD",Pre-Owned,$420.00,,+$260.67 , United States,https://www.ebay.com/itm/203925600156?hash=item2f7ae9b79c:g:CYUAAOSwWoBiWa4I
"Apple MacBook Pro 16"" (1TB SSD, Intel Core i9, 2.30 GHz, 16GB) Laptop",Open Box,"$1,350.00",,+$76.75 , United States,https://www.ebay.com/itm/134117869754?epid=6035192020&hash=item1f3a0c48ba:g:lRkAAOSw~I9ifaBU
"13"" MacBook Pro 2017, Two Thunderbolt 3 Ports - Space Gray - 128 GB SSD, 8GB RAM",Pre-Owned,$400.00,,+$58.35 , United States,https://www.ebay.com/itm/354066563437?epid=18048649662&hash=item527003016d:g:VjQAAOSwh-BihXVf
macbook pro 2015 15 inch,Pre-Owned,$265.00,,+$83.00 , United States,https://www.ebay.com/itm/125205873223?hash=item1d26da0247:g:FVIAAOSwovliMh5J
"Apple MacBook Pro 13"" Laptop | 1TB SSD | 16GB RAM | OSX-2019 | WARRANTY ! ! !",Pre-Owned,$449.99,10% off,+$99.99 , United States,https://www.ebay.com/itm/154199703703?hash=item23e704c097:g:GzMAAOSwP9FgC14v
"Apple MacBook Pro A1398 11,4 15"" Laptop 2.5GHz i7 16GB RAM 250GB SSD 11.0 GradeA",Pre-Owned,$331.49,15% off,+$162.05 , United States,https://www.ebay.com/itm/384898996624?hash=item599dc49990:g:-9YAAOSwoa1h3dQy
"Apple MacBook Pro A1398 15"" (Mid-2015) Core i7-4870HQ 2.5GHz 16GB 512GB SSD",Pre-Owned,$249.95,,+$131.50 , United States,https://www.ebay.com/itm/374084283687?hash=item5719292d27:g:mswAAOSw7itihWCV
Apple Macbook Air 11.6 Core i5 Laptop 2GB 120SSD Mac OS X 2018 - 1 Year Warranty,Very Good - Refurbished,$189.99,,+$49.00 , United States,https://www.ebay.com/itm/154993399899?hash=item241653985b:g:34YAAOSw8rtifufB&amdata=enc%3AAQAHAAAA4CE8Bawg2b4JtfkzplRaVFOFiTPxOb%2BEbEDjjUvlRlk7Wv15PptxGU0iRxpAdnfrnrB5XGmMzHTV%2FUDifhvW0spJjsX%2FoFtNVHO3wnSnWCqTQd8jv8A%2BTD2s3up5G3u9BkWTFstZ0dte39MJd6SO7Ttsi9DgNH7%2FoeiCR6T8m0W5XXdJbjUct%2F95sUOk6tG%2Frl8MzVfiEeJ2IeuJZd1dYuplcqIcW3Be0falDr2FX%2BWlCdi9U1zk7dGDM239mvQhky2umyQ3udJievezGLkMhL2hzdSak8EoP0U9zu9SdWGt%7Ctkp%3ABFBM8sTdkp9g
"Apple 11"" MacBook Air 1.6GHz 64GB SSD 2GB MC968LL/A - Mac OS X Mojave / Good !",Good - Refurbished,$109.99,,+$71.85 , United States,https://www.ebay.com/itm/165481323356?hash=item2687749b5c:g:0k4AAOSws7hift08&amdata=enc%3AAQAHAAAA4JBKueMzbDEj3rygLKwzH01AR%2FifH1Zg9eRGOSGII%2FlDo3%2F2IoEuoc%2BWfAtk4vXiLWgF%2BR%2BefwjDBBfGQPeYw9OWFglwvXlC0ZhVbtSwTCyer%2FpibVEmNTdzZumilaAiKsMonZ76kP4m48MMj9dvcd5XLcWCKiD3bERClUjQC90t%2Bd96KQFEau%2BiaKhdSfBEpwWGn%2By9hYYgAeCfWOP24KjdalV2rgsh6z3ighbyZ5%2BusZ7ARD%2F7ST3koOzAwrr2oo4EeWEt5fOn5Sj7tTUtO%2FqFc7odei3UxqSFeE0rtWwY%7Ctkp%3ABFBM8sTdkp9g
"Apple MacBook Pro 13"" Laptop | i5 16GB RAM | 1TB SSD | OSX-2019 | WARRANTY ! !",Pre-Owned,$552.77,10% off,+$99.99 , United States,https://www.ebay.com/itm/154038719508?hash=item23dd6c5414:g:2gsAAOSw1xJiaEFm&amdata=enc%3AAQAHAAAA4IGsg43Mf3YOpuyWpN19DBJ1c6QR0AmPv77ax%2Fd4qR3dPPhRiEkAncap8vHTunC49V%2FnL6uTdptA9XEyDPOJG6Ujrvq0wvLXEp%2FbHIGIp5ojQgLrX5Ra9b2sKwqVLGda2rg70JlBZVKt0m9XkcH8Rgy9eEekWyyXgJR50ohBD0WicDgnDRVwg0u2n3wP6cwO4vGQQYdjmwn7jkbsirsvkkCAahiZWrj9Pg0eMP92JUHRIuq9AMy2LZLHfNKsEHsv8L0oG%2BA7bmUbJs3n3Zbea8QzsUxRLhICdt%2B2BVby3fHg%7Ctkp%3ABFBM8sTdkp9g
"APPLE MACBOOK AIR 2020 13.3"" M1 8GB 512GB SSD - MGNA3LL/A",Parts Only,$521.88,,+$49.00 , United States,https://www.ebay.com/itm/403637882011?epid=20042414601&hash=item5dfab14c9b:g:DqYAAOSwSUNiMlSW
"Apple MacBook Pro A1708 13"" (256GB SSD, i5, 2.3 GHz, 16 GB) 2017 Monterey",Pre-Owned,$419.00,,+$70.00 , United States,https://www.ebay.com/itm/284823516357?hash=item4250cdf4c5:g:BTcAAOSwBE5iPy2-
"Apple MacBook Pro 15"" Retina 2012 i7-3615QM 2.3GHz 8GB Ram 256GB SSD OS 10.15",Pre-Owned,$181.00,,+$114.10 , United States,https://www.ebay.com/itm/334444464051?hash=item4dde7187b3:g:IXAAAOSwVtJig-2f
"Apple A1466 Macbook Air 13.3"" i7-4650U @ 1.7GHz - 8GB RAM - 256GB SSD",Pre-Owned,$229.99,,+$66.00 , United States,https://www.ebay.com/itm/224999568150?epid=146411925&hash=item346304f316:g:et8AAOSw0hVii9fe
"Apple MacBook Pro 16"" 2019 (2Tb SSD, Intel 8-Core i9 2.40 GHz, 32Gb) MVVN2LL/A",Pre-Owned,"$1,075.00",,+$158.00 , United States,https://www.ebay.com/itm/203960285647?epid=9037269776&hash=item2f7cfaf9cf:g:eiwAAOSwhjpih6qv
"Apple MacBook Pro A1708 13"" (256GB, i5, 2.0 GHz, 8 GB) 2016 Monterey - 216cyc",Pre-Owned,$350.00,,+$49.00 , United States,https://www.ebay.com/itm/284765617584?hash=item424d5a7db0:g:QfkAAOSw~XBiWCAr
Apple MacBook Air 2015 1.6GHz 128GB SSD 8GB RAM A1466 MMGF2LL/A +B and C Grade,Pre-Owned,$175.00,,+$74.00 , United States,https://www.ebay.com/itm/234555307287?epid=10047130180&hash=item369c95f517:g:3rkAAOSwnDxigq2D
MacBook Air 13‚Äù (Mid 2012) Catalina Core 1.8GHz i5 8GB RAM 256GB SSD ‚úîÔ∏è‚úîÔ∏è‚úîÔ∏è,Pre-Owned,$146.99,,+$49.00 , United States,https://www.ebay.com/itm/363816876446?hash=item54b52cf99e:g:~gEAAOSwmRdig-28
"Apple MacBook Pro A1708 13"" (128GB, Intel Core i5, 2.3 GHz, 8 GB) Laptop -...",Pre-Owned,$220.00,,+$70.00 , United States,https://www.ebay.com/itm/125326440792?epid=238194934&hash=item1d2e09b958:g:7bgAAOSw4GliiOL7
"Apple MacBook Pro 13"" (128GB SSD, Intel Core i5, 1.40 GHz, 8GB) Laptop - Silver",Open Box,$500.00,,+$35.00 , United States,https://www.ebay.com/itm/403643881822?epid=2322510018&hash=item5dfb0cd95e:g:ZysAAOSwX7FidbXp
"Apple MacBook Pro A1502 13.3 inch Laptop - ME864LL/A (October, 2013)",Pre-Owned,$102.50,,+$64.00 , United States,https://www.ebay.com/itm/275313360308?epid=174477594&hash=item4019f47db4:g:9uoAAOSw3-xigYJK
Apple MacBook Pro Retina 13-inch 2015 - i7 512GB SSD 16GB RAM - 2472-010,Pre-Owned,$399.99,,+$70.00 , United States,https://www.ebay.com/itm/224959398540?epid=3041819211&hash=item3460a0028c:g:tlEAAOSwn0BiaWZw
New ListingApple MacBook Pro A1706 EMC 3163 I5-7267U 16GB RAM 256GB SSD Monterey Discounted,Pre-Owned,$74.99,,+$128.47 , United States,https://www.ebay.com/itm/185439174482?hash=item2b2d093f52:g:N0EAAOSwQNVii-oi
"Apple 13"" MacBook Air 2018 1.6GHz Core i5 128GB SSD 16GB A1932 MRE82LL",Pre-Owned,$459.99,,+$79.00 , United States,https://www.ebay.com/itm/144564858925?hash=item21a8bcb02d:g:1f0AAOSwbm1iiTeH
Apple MacBook A1534 12 inch Laptop - MF855LL/A (Early 2015),Pre-Owned,$142.00,,+$260.06 , United States,https://www.ebay.com/itm/134126015575?epid=217009165&hash=item1f3a889457:g:hR8AAOSwxnFiicGb
"MACBOOK PRO 13"" | CORE i5 | 1TB SSD | 16GB RAM | WARRANTY | OS-2019 CATALINA ! !",Pre-Owned,$336.12 to $591.74,10% off,+$99.99 , United States,https://www.ebay.com/itm/154302227968?hash=item23ed212600:g:39wAAOSwDKVgCwNU
"Apple MacBook Air A1465 11 inch Laptop - MJVM2LL/A (March, 2015) Silver/grey",Pre-Owned,$141.50,,+$36.00 , United States,https://www.ebay.com/itm/314002095415?hash=item491bfbbd37:g:cDAAAOSwtYNiX2PI
"New ListingMacBook Air 11.6"" Early 2015 (435) Intel Core i5 1.60GHz 8GB RAM 128GB SSD",Pre-Owned,$297.34,,+$70.00 , United States,https://www.ebay.com/itm/284828087903?hash=item425113b65f:g:nV4AAOSwsH1ijSnM
APPLE MACBOOK PRO 13 | MacOS 2019 CATALINA | 16GB RAM | 1TB SSD | 2.5GHz,Pre-Owned,$535.04,10% off,+$99.99 , United States,https://www.ebay.com/itm/154077858257?hash=item23dfc189d1:g:S24AAOSwEIdgfwsF
2015 Apple MacBook Air 13 inch / Dual Core i5/ 4GB / 128GB SSD - C1MQ5LGRG940,Pre-Owned,$138.00,,+$49.00 , United States,https://www.ebay.com/itm/384903674291?hash=item599e0bf9b3:g:3qcAAOSwcFZiicwS
Apple Macbook Lot of 5,Pre-Owned,$100.00,,Shipping not specified, United States,https://www.ebay.com/itm/195066469570?hash=item2d6ade1cc2:g:5KEAAOSwN9RihlnD
Apple MacBook Air 13.3‚Äù Laptop w/ Touch I.D. - Intel Core i5 (Turbo Boost),Open Box,$765.00,,+$49.00 , United States,https://www.ebay.com/itm/234564175452?hash=item369d1d465c:g:GewAAOSwX7FihQVH
Apple MacBook Pro 13 | MacOS Big Sur 2020 | 1TB SSD | 16GB RAM | WARRANTY ! ! !,Pre-Owned,$554.16,5% off,+$99.99 , United States,https://www.ebay.com/itm/154662419309?hash=item2402993b6d:g:Xe0AAOSwS8phfEdp&amdata=enc%3AAQAHAAAA4HM06lVPkmwQmYJbFGtoPiD3ByKWF8IPDfROmc6iVxlZ0CTZRJZfo%2BFLnGgaDf6oStkEB6nohENKLjT%2B8QwSzyF5H2CgdjozkpwbKOiMybrRrwFo5CpUfn47UdaeEqm6BaPa4QtuQyXSfygNz8t5Jl05yAgTrNwhb4XQpxMBfkL%2BeT8zHX3%2B5P%2Bai8CtmikafrHaQePCv6QyQA7DNF4HEVtB%2FGUygQYIvNnz9Q1OafPlLnaCnumnP5VqKskOJ5GmgrZvbyn1dwd%2F4Od8BpC1d3qCwU7nDa4IlQDTRv%2B7VjOX%7Ctkp%3ABFBM8sTdkp9g
Apple MacBook Pro 13 | MacOS Monterey 2021 | 16GB MAX RAM | 1TB SSD | WARRANTY,Pre-Owned,$568.41,10% off,+$99.99 , United States,https://www.ebay.com/itm/154931085035?hash=item24129cbeeb:g:dycAAOSwf5tiSxdV&amdata=enc%3AAQAHAAAA4EyKOuysNqjorVYNiHYrnSJFieeeOHMQKBlaTFBfmEZ2zCFGjPN7KOroZqfU%2FhXRSThK92tk9heJri1v3PfpiX8cMFh%2B%2FNW7DJ00uEgCu0mD%2Blhmmubr7Fkv7%2BV7HJpZOF08XxGUSrGQMsOrj6SjIEiDra%2FZS%2F9BuiPs7zjp9%2FlI5h87FKD02fHT3r4O%2F0MKqWrp9p%2Fh0yJVFkxe4kuB1CkOAiQLtwtzcnB8F%2FP8ymkfhHLLPIc1Sv87DxjTLLOUOsEyNMg%2Fqe6FJlOGC89WLaNVA5Qdbhys2njhG0k043VK%7Ctkp%3ABFBM8sTdkp9g
"Apple MacBook Pro 15"" 2.4GHz Intel Quad-Core i7 8GB RAM 256GB SSD (Late- 2011)",Pre-Owned,$285.00,,+$277.19 , United States,https://www.ebay.com/itm/334340517451?hash=item4dd83f6e4b:g:u8cAAOSw-hFiFb8N
"New ListingMacbook Air 2018 (Retina, 13-inch) Intel i5 1.6GHz - 16GB RAM 256GB SSD",Pre-Owned,$449.99,,+$256.70 , United States,https://www.ebay.com/itm/155008884564?hash=item24173fdf54:g:LCsAAOSwCeNijYLK
macbook pro 13 inch mid 2009,Pre-Owned,$65.00,,+$74.00 , United States,https://www.ebay.com/itm/125326752622?hash=item1d2e0e7b6e:g:XFsAAOSwKfViiS7V
"Apple MacBook Pro 13"" 2.5GHz Intel Core i5 16GB RAM 1TB HDD+128GB SSD (Mid-2012)",Pre-Owned,$299.00,,+$260.06 , United States,https://www.ebay.com/itm/334393174063?hash=item4ddb62e82f:g:IewAAOSw7R5iTLD4
"Apple MacBook Pro 16‚Äù - M1 Max 10-core CPU 32-core GPU 32gb RAM 2TB SSD NEW """,Brand New,"$2,950.00",,+$75.00 , United States,https://www.ebay.com/itm/325200246604?hash=item4bb771f74c:g:kvgAAOSw6F9iebnb
New ListingApple MacBook Pro 15 Inch 2.2 GHz Core i7 500GB SSD 16GB RAM Mid 2014 Clean,Pre-Owned,$359.99,,+$36.00 , United States,https://www.ebay.com/itm/363849832386?hash=item54b723d7c2:g:OgMAAOSwoWFijR-C
"Apple MacBook Pro 13"" (2019, 256GB SSD, 8GB, Touch Bar) - Immaculate!",Pre-Owned,$700.00,,+$58.35 , United States,https://www.ebay.com/itm/374085491497?epid=4038042762&hash=item57193b9b29:g:RXwAAOSws7did-YF
"Apple MacBook Air 13.3"" 1.6GHz i5/8GB/128G - SPACE GRAY - MVFH2LL/A",Pre-Owned,$413.09,,+$49.00 , United States,https://www.ebay.com/itm/403396419293?epid=18032820715&hash=item5dec4cdedd:g:Xh4AAOSwaI9h1z9f
"Apple MacBook Pro 2017 Laptop 13 inch | 256GB SSD, 8GB, i5 -2.3GHz | Space Gray",Pre-Owned,$550.00,,+$35.00 , United States,https://www.ebay.com/itm/384790419411?epid=238296338&hash=item59974bd7d3:g:wAkAAOSwhn5iS5rL
"Apple MacBook Pro ""Core i7"" 3.1 13‚Äô Early 2015 Retina Display 16GB RAM 512 SSD",Pre-Owned,$399.00,,+$296.88 , United States,https://www.ebay.com/itm/224984612959?hash=item346220c05f:g:YsgAAOSwsKtigkbH
Apple MacBook Pro 13 inch Two Thunderbolt 3 ports 2.3 GHZ 8GB 128GB SSD Damaged,Parts Only,$219.00,,+$47.65 , United States,https://www.ebay.com/itm/154998047161?hash=item24169a81b9:g:3egAAOSwXg9iJXvS
"MacBook Pro 15-Inch ""Core i7"" 2.6 Touch/Late 2016 A1707 (Read Description)",Parts Only,$399.99,,+$57.20 , United States,https://www.ebay.com/itm/403667288274?hash=item5dfc7200d2:g:swMAAOSwnLlidEyX
15 Inch Apple MacBook Pro i7 8GB 1TB SSD - Mac OS X 2017 Included + Programs!!,Very Good - Refurbished,$509.99,,+$79.00 , United States,https://www.ebay.com/itm/164468507908?epid=25015431523&hash=item264b164504:g:AEQAAOSwKhBhsVQ-
"BROKEN APPLE MACBOOK AIR 2014 13"" INTEL i5 @ 1.7GHz 4GB RAM 128GB SSD OS",Parts Only,$89.98,,+$36.00 , United States,https://www.ebay.com/itm/363848838052?hash=item54b714aba4:g:m9gAAOSw-YJijAMW
"MACBOOK PRO 16.2"" (SEE DESCRIPTION) 2021",Parts Only,"$1,549.00",,+$49.00 , United States,https://www.ebay.com/itm/403656636227?epid=2321352502&hash=item5dfbcf7743:g:EdsAAOSwtfpifqZA
"Apple MacBook Pro 13"" A1989 2018 AS IS DEFECTIVE",Parts Only,$300.00,,+$70.00 , United States,https://www.ebay.com/itm/115395384496?hash=item1ade19d4b0:g:gCQAAOSwsVtijAr5
"APPLE MACBOOK AIR 13""¬† A1932 FOR PARTS",Parts Only,$189.99,,+$22.00 , United States,https://www.ebay.com/itm/363848822195?hash=item54b7146db3:g:XN0AAOSw3tRii~2h
"MacBook Pro 16.2"" M1 Max 32GB 1TB SSD - MK1H3LL/A (See Description)",Parts Only,"$2,359.89",,+$66.00 , United States,https://www.ebay.com/itm/403662512373?epid=2321352524&hash=item5dfc2920f5:g:-qkAAOSwsaFigsYL
New Listing2018 APPLE MACBOOK PRO MR932LL/A I7 2.2GHZ 256GB 16GB AS IS DEFECTIVE LCD,Parts Only,$366.99,,+$49.00 , United States,https://www.ebay.com/itm/363850011194?hash=item54b726923a:g:tKgAAOSw6~9ijVH7&amdata=enc%3AAQAHAAAA4Glymvc8Vk2ga%2FNdzY55sv4zwrQlEITVXBd0tCPHnLbdVOasEE3Ok5WDJVMZTZDA8CV0aCzf0pAByiBW%2F83PmDaoYS30FzFQODa7oz3fjEK4DFR0hidqNIk5WtMeNYrUKoDhDeTDpyEFLASKrUiaRfslHky96UfSK2ri6UHEyecVxHyRJPxGjgtsrveXIwyFTKp8p6nO6Ry%2FXJ2aausNmQQPJv9sD3Hx6tAxHSLJOzZXBJQUCUEUwSJ9pOSzvJ12TibbLp0LjzUAqcPYH49MLFrLnMS42A9Ue0EoHFXsCV%2BM%7Ctkp%3ABFBM8sTdkp9g
"Apple MacBook Pro 13"" 2.4GHz 8GB 1TB - Mac OS X 2017 Added - Warranty/ Very Good",Very Good - Refurbished,$389.99,,+$81.60 , United States,https://www.ebay.com/itm/164462716109?hash=item264abde4cd:g:~0EAAOSwM6Nhp-Gf&amdata=enc%3AAQAHAAAA4ENtDdcNz%2Bgmlp7ade5%2FYiEIeR9W2OKg5IUEdL3YdBfFH9kVfVgJWTXu61Mzn5PzQGKMoIZxICy%2FAW2alc1X1zCyCwy6%2FhH3gFLwPueMfLqeVrYoVqHX4UT4xMUrD29xksgxRyxeFi7D%2FpUD37Isi11HeYev8qje5cUby4RALCJiAdoazPB4JMMA7UAjlKCkoW1iD0Mhg9jNK%2FgimRfJ%2Bf9N6RSn4lGv2vsNE9iVHlyyXZWU9AMc4KNpOoaG5apMqb8nIjPPftwG%2BSme3sKADmwY3UZowRC%2BduZEXdNKB3MG%7Ctkp%3ABFBM8sTdkp9g
Shop on eBay,Brand New,$20.00,,,,https://ebay.com/itm/123456?hash=item28caef0a3a:g:E3kAAOSwlGJiMikD&amdata=enc%3AAQAHAAAAsJoWXGf0hxNZspTmhb8%2FTJCCurAWCHuXJ2Xi3S9cwXL6BX04zSEiVaDMCvsUbApftgXEAHGJU1ZGugZO%2FnW1U7Gb6vgoL%2BmXlqCbLkwoZfF3AUAK8YvJ5B4%2BnhFA7ID4dxpYs4jjExEnN5SR2g1mQe7QtLkmGt%2FZ%2FbH2W62cXPuKbf550ExbnBPO2QJyZTXYCuw5KVkMdFMDuoB4p3FwJKcSPzez5kyQyVjyiIq6PB2q%7Ctkp%3ABlBMULq7kqyXYA
"2020 13"" MacBook Air - M1, 8GB, 256GB SSD! (AppleCare+ until 2024!)",Pre-Owned,$949.00,,+$70.00 , United States,https://www.ebay.com/itm/363848590557?hash=item54b710e4dd:g:47QAAOSw8A9idsWl&amdata=enc%3AAQAHAAAA4EGyKgaxjzkKFwkpR6Hzamr7eTY4UHkk%2B5TqWMtGtHzOHmkCYe8xrAXqQVJMCMJrHTjnvwXmp80%2F6B16rLepCtMmmcJw1TupWGbW81mNJzlTmAlSwTsZjlcfyXhhdubaTyx0%2FxsrQa7bdf%2BQU2Vd9mgnADCB%2B2Z2wKGe6DmdRvwIbjz%2BDFxAa7gZ7D2%2Birt79Nh8AUrkcyXnBjQuDyDv2LiXpAyrqbXeLV09focsH70OVKODGQIpnnlNxjloI%2FUgVtQAw83qYMfe%2Fuwvi62dGXcsJWCxDfk%2FZNYgozmsdtXS%7Ctkp%3ABFBMxO_dkp9g
"Apple MacBook Pro 15"" A1286 Mid-2010 2.4GHz i5-520M 4GB 500GB macOS 10.13- ZZ",Pre-Owned,$95.00,,+$74.00 , United States,https://www.ebay.com/itm/324888563062?hash=item4ba4de0d76:g:Te4AAOSwXJ5hZuhe&amdata=enc%3AAQAHAAAA4IJ40gNCkIiQQrJ7NWB2el8uICo3kmuuHjQl%2B1wDuSpgdDDG41trfFHuGhr4tzolSBtD3TWqsz4vuPuz%2BLm3jSq8%2F26fv8OrHuodHQywV2G7YYfuGZxj5KzC5%2BlngiMfrKsyFJV6pcDl9RgPqUR8a6FaC%2Fm2Z%2B%2FmI2s6wfJf0tdwKgLMEiSsjm0IW5zXwEJTHP36S4myWiBGzMHHl%2F7dORpNYyP0%2FeE%2BQHyo0pHvuqOzIEQqxOXgrU8d%2BtPIqqL0tmST17cLt7Yc7Q3ljQAdrRo2N9iakBJdo4kr7zYupcRx%7Ctkp%3ABFBMxO_dkp9g
"Apple Macbook Pro 13.3 "" I5 2.7ghz 8GB Ram 256GB SSD (Early 2015)",Pre-Owned,$449.95,,+$84.55 , United States,https://www.ebay.com/itm/224983894185?hash=item346215c8a9:g:IxcAAOSwepdifXax&amdata=enc%3AAQAHAAAA4EJzp2HJK8vRXe7VDgE0mdAhU9xHSZQHV2%2FZxU3s0XivyRxFmNF6lqAMpGAiib3hjeKkFnAmcyR3bfHIWP7fPa%2F6sWESDdtuzjpvFgKKc%2FxN1j1U7dui3C0glZa5%2BtY%2FFRKLpZSgyPpkwJpeAw91qnt9WNXheGoBUZDtSZyEDfOXB9N1ahg266E9AKh2LNKppphssb8euaGCb0GJJboHWhWTQWSNZ%2BcTfOehajgyVnI11KW1vMJLRs0jTX4Te75BrqnHwjkDQwvQO46k8e3IaB6VFI93yUf04unELYUWLkcJ%7Ctkp%3ABFBMxu_dkp9g
Apple MacBook Pro 16 inch Laptop - 64gb Ram i9 (2019),Pre-Owned,"$1,800.00",,+$50.00 , United States,https://www.ebay.com/itm/403623645808?hash=item5df9d81270:g:MfcAAOSwgdViZznk&amdata=enc%3AAQAHAAAA4LxGmP6ZjctsO4c6dwbyAecmibS1kzk5aysMlBkz9CrePyetj8I1OM5AwGvPbDKzCK674ObUg5rMbUPfXHton0M6zdLCMqFRrwIUhj1tXXrerk6cFiGr7rMhIheLefpg%2B5MSGuP6j3rGPF90VpjCOCtp8wYWIIuqYwBbZv3NurNNKcfhZ9CVJiALVDQCUmI8OU5T2O8lgiPn91XwApBVF5%2B5n1scgRojaJjoc73jJsJBnX4nJoET4nBX9Hg8nK6I7uxrTy5R46002TzwXptgAyapa12lFi5WHnJh1og2n5O5%7Ctkp%3ABFBMxu_dkp9g
"Apple MacBook Air 13.3"" 2017 A1466 Core i5-5350U 1.8GHz 8GB RAM 128GB SSD",Pre-Owned,$299.99,,+$71.85 , United States,https://www.ebay.com/itm/203957339921?epid=26045504222&hash=item2f7cce0711:g:ZbMAAOSwystigsSH
"Apple MacBook Pro A1708 13"" (256GB SSD, i5, 2.3 GHz, 8 GB) 2017 Monterey",Pre-Owned,$400.00,,+$70.00 , United States,https://www.ebay.com/itm/284823517586?hash=item4250cdf992:g:MsgAAOSwF5ViSZh2
Apple MacBook Pro 15 inch Retina /Quad Core i7/ 8GB / 256GB SSD OS Catalina,Pre-Owned,$240.00,,+$74.00 , United States,https://www.ebay.com/itm/234521398900?hash=item369a908e74:g:ryYAAOSwmgBiJ7kG
"APPLE MACBOOK AIR 2020 13.3"" I3-1000NG4 8G 256GB - MWTL2LL/A",Parts Only,$314.88,,+$66.00 , United States,https://www.ebay.com/itm/403560862810?epid=5037481122&hash=item5df61a145a:g:gLEAAOSwcpViPjA1
Apple MacBook Pro 15-inch with Retina Intel i7 2.3GHz 16GB RAM 512GB SSD,Pre-Owned,$329.00,,+$95.00 , United States,https://www.ebay.com/itm/175290634860?hash=item28d022d26c:g:MFAAAOSwTHNiQ3tq
"Apple MacBook Pro Lot of 6 2011-12 A1278"" all power on see description plz Read""",Parts Only,$299.00,,+$157.00 , United States,https://www.ebay.com/itm/203945560932?hash=item2f7c1a4b64:g:hKUAAOSw~0didX-c
"Apple MacBook Air 2018 13.3"" i5 128GB - MREE2LL/A (See Description )",Parts Only,$341.90,,+$49.00 , United States,https://www.ebay.com/itm/403512180633?epid=8025329130&hash=item5df3333f99:g:wfoAAOSwST9iH9cz
"Apple MacBook Pro 15"" 2016 2.7GHz Quad Core 16GB 512GB New Battery #260105",Pre-Owned,$565.99,,+$121.80 , United States,https://www.ebay.com/itm/275307247235?hash=item4019973683:g:xiQAAOSwrQNieval
Apple MacBook Pro A1502 EMC 2835 i5-5257U 2.7GHz 16GB RAM 256GB Discounted,Pre-Owned,$99.99,,+$131.47 , United States,https://www.ebay.com/itm/185438300369?hash=item2b2cfbe8d1:g:dAsAAOSw6RZii9kf
"Apple MacBook Pro 13"" A1278 Mid-2012 Intel i5-3210M 4GB 500GB macOS 10.15 - ZY",Pre-Owned,$199.99,,+$70.00 , United States,https://www.ebay.com/itm/324722398836?hash=item4b9af69674:g:1EgAAOSwHu5g8cC5&amdata=enc%3AAQAHAAAA4H0Tff%2FR7iS2NmRRZJH3tfU%2BH8He4g2BUax0zLmMGzQj2umXjuxDmC%2BHstHRfgEi72m16txsdkWhu2GnuZs9Qi%2B656ysd2dutE5hu5rkcJsfDY61Q50CadAZ5U3358zCXoY8cIKqKhZpKxXtM4hPghDh8xUK1ZZidNu8T2kvVkc6XbDHWSFPocjnu%2BirwQ%2BYIgYeHh4ArW0EIMZTHMxrO9buBRKebrsXLWDsMzUiI6rpJa6ZvehTR%2B3QOBAtSBWlTX19TK9F4Rk7pV4tlUP9j5F09XE%2FLxmn7yYlEl0Gdo%2F8%7Ctkp%3ABFBMxu_dkp9g
"Apple MacBook 2009 A1342 Unibody - 2.26GHZ 5GB 160GB - 13.3"" - OSX 10.13 - ZZ",Pre-Owned,$104.00,,+$70.00 , United States,https://www.ebay.com/itm/324086206893?hash=item4b750b11ad:g:AdUAAOSwcCpeV-sj&amdata=enc%3AAQAHAAAA4DvRJq6kDLPmjfIBC8sQuYRxFKjHgewgAdlGt9km2zZaOyfLqE0v%2BaL47me5MkT5NNIGHl1O2%2F82aTTO7ZXzzt0R1Dpl5KdRHGdyY5VhIU1TE8Wk0%2FVAb80j%2B2cOQlZiKgoPHUxp1IpZBLl1f4AlX8tjZgK9CKpj6rMGmAEiOAZNRiOgmZgbpoQeSRTebv9N6%2BoyCJiNeGXruM%2FuFmucIUvdzU7sJqQ1VqHVoJ5SpbWBshz7bl5KQkNduNpw7vYlSxkmSl4LvWhtGNIXk2WIlMz%2Ba7H8CfEI%2BM6YjRoh1jaM%7Ctkp%3ABFBMxu_dkp9g
"Apple Macbook Air 13"" (2013) | i5 4GB RAM + 128GB SSD | OS BIG SUR | WARRANTY",Pre-Owned,$179.00,,Shipping not specified, United States,https://www.ebay.com/itm/384822034337?epid=2288363192&hash=item59992e3fa1:g:ALcAAOSwOKhiIUWG&amdata=enc%3AAQAHAAAA4LTe45HiyaDPkn1a3tCGQBvLkk3iWVNuwP89twp8v9%2BgWUjTd1X9hcKGOhjyuqa7xb44qKSwz%2Fqmhuwgombvk8Am0SunyTMLhT%2F%2BYcYcXZcYqeb4EH6%2FhQuVLal6kpSUSbSlb7q%2BYrIUxek84mC0dlTJBtSEXE61UHU42fqYrlvnaQlplMZLyrtclX%2FFCwgItDY8bgmMkHl7bAH9BrY219gbGpOm0lokF6v7Dg%2BHpQ50PvOcp5C0t534TMJ0i%2FXCU0qdnVnyLmSssfHHWm5%2BKV%2Bsw02U3fujh8F4zRzuDMw0%7Ctkp%3ABFBMxu_dkp9g
"New ListingApple Macbook Pro A1502, 2015, 2.7GHz Intel Core i5, 8GB Ram, 256GB - For Parts",Parts Only,$150.00,,+$275.55 , United States,https://www.ebay.com/itm/203965625535?hash=item2f7d4c74bf:g:c5gAAOSw9FxijWSL
"2015 MacBook Air a1466, i5 1.6 GHz, 8 GB Ram, 13' 256 GB SSD (Read Description)",Pre-Owned,$155.00,,+$257.47 , United States,https://www.ebay.com/itm/203964257366?hash=item2f7d379456:g:HjEAAOSwDX5ii8~V
"Apple Macbook Air (11-inch, 2015) 1.6 GHz intel core i5, 8gb ram, 128gb with",Pre-Owned,$175.00,,+$257.47 , United States,https://www.ebay.com/itm/203933308936?hash=item2f7b5f5808:g:QkIAAOSwg9BicFG0
APPLE MACBOOK PRO TOUCH BAR A1707 15' i7 2.9GHz (2017) 16GB RAM 500GB 2GB VRAM,Pre-Owned,$475.00,,+$275.55 , United States,https://www.ebay.com/itm/203928463170?hash=item2f7b156742:g:YvoAAOSwGKZiasoJ
MACBOOK PRO 13 | CORE i5 | 500GB HDD| 8GB RAM | Catalina | 2012 |OS-2019,Pre-Owned,$159.00,,+$105.31 , United States,https://www.ebay.com/itm/203959375096?hash=item2f7ced14f8:g:CLQAAOSwWSBiho7D
Apple MacBook Air A1370 11.6 inch Laptop - For Parts or Repair,Parts Only,$45.00,,+$275.55 , United States,https://www.ebay.com/itm/203908601864?hash=item2f79e65808:g:DUgAAOSwOTliUarF
"2017 Apple Macbook Pro A1706 13 inch, i5 3.1GHz, 8gb ram , 500gb",Pre-Owned,$400.00,,+$257.47 , United States,https://www.ebay.com/itm/203951978161?hash=item2f7c7c36b1:g:JFcAAOSwhgpigsIL
MacBook Air 13‚Äù A1466 2015 Core i7 2.2 GHz RAM 8GB SSD 250GB,Pre-Owned,$350.00,,+$49.00 , United States,https://www.ebay.com/itm/203922198580?hash=item2f7ab5d034:g:R3IAAOSwo8phqXRq
Apple Macbook Pro 13 Laptop | i5 8GB RAM | 500GB HD | MacOS Catalina | WARRANTY,Pre-Owned,$209.00,,Shipping not specified, United States,https://www.ebay.com/itm/383223190235?hash=item5939e1d2db:g:tIUAAOSwY89h-xcX
"Apple Macbook Pro 13"" Laptop | 8GB RAM + 500GB HD | MAC OS + 2 Years Warranty",Pre-Owned,$199.99,,Shipping not specified, United States,https://www.ebay.com/itm/384811205830?hash=item59988904c6:g:3v4AAOSwLxZiR2uC
"Apple MacBook Air 13.3"" Apple M1 Chip 256GB SSD 8GB RAM A2337 Silver AS IS!",Parts Only,$399.99,,+$76.75 , United States,https://www.ebay.com/itm/255180622101?hash=item3b69f34915:g:QdkAAOSwB9ZhaeBo
"Apple Macbook Pro 13"" Laptop | 8GB RAM + 500GB HD | 2 YR WARRANTY + TECH SUPPORT",Pre-Owned,$239.00,,Shipping not specified, United States,https://www.ebay.com/itm/383210349263?hash=item59391de2cf:g:-EYAAOSwaB1f94Zg
APPLE MACBOOK AIR 13 INCH LAPTOP | I5 TURBO BOOST | SSD | 2 YEARS WARRANTY,Pre-Owned,$269.00,,Shipping not specified, United States,https://www.ebay.com/itm/334348527363?hash=item4dd8b9a703:g:sBIAAOSwWbliAuwL&amdata=enc%3AAQAHAAAA4PY52BAYnYGR5c0%2FAdOZmSkRBsF7%2BCwKGQDfcDipGXuH8CPBxEaRYUPZJVzVsNwD%2F%2FHjNfsowLV9pgNeuaXXAsCi651UdjRgXLaHpN%2BQunfnSfdNk0pbRfPn7DabkK3OFMJsPnXvk%2FXxnXjAxqMfeZdmMfRI399pMp%2BpsBCYM1dT2TgfSjLqB0a19Urgm9knNUztM%2FbWF%2Fd2ebpJP8i9puGfCNQ%2B10kiUba1lkXrIXIOmTfPqBgfpRWr2DQI1ljiMFqMGnosK0n55Q0NRZbnLMfDABHBxQBuYdnYYzKuBFUF%7Ctkp%3ABFBMxu_dkp9g
APPLE MACBOOK AIR 13 INCH LAPTOP | RETINA + SSD | TURBO BOOST | 2 YEARS WARRANTY,Pre-Owned,$199.99,,Shipping not specified, United States,https://www.ebay.com/itm/334376506766?hash=item4dda64958e:g:vioAAOSwP0RiV0B2&amdata=enc%3AAQAHAAAA4M4j08B7GGGZmdKRzLYfN4QSs3V2m9qe%2FuFEX%2BcZxovNwUdcDy2YjHkBO%2FXkCQw2Wbi2dwFrf1l98bkYoe%2B5lmnBTuoY%2BhCcfrPEwjw%2FB5xDZeuJMh%2FxlN%2BOQUEOy04qmH7SWZsL9KUHPqraL5V%2F1xuGxOYuwQXS1VchyDcizPASr2yYHKrko48s8Uy%2FKYjbp1dRR%2F%2BVZrrPpYcqXdp3g8si1nSHvwA2AHPafKP%2FpHcmfAjaMxcyWjvinnC5PLZjmG0efFM2IO3S%2BDpHS7SoHYPiowMHVAUQ3NMwBTe2fiVH%7Ctkp%3ABFBMxu_dkp9g
APPLE MACBOOK AIR 13 INCH (2015) | 8GB+256GB SSD | OS BIG SUR | 3 YEAR WARRANTY,Pre-Owned,$315.00,,Shipping not specified, United States,https://www.ebay.com/itm/384713059616?epid=26045504222&hash=item5992af6d20:g:y8EAAOSwcgth-x4r&amdata=enc%3AAQAHAAAA4Cjn7wrXfym1wi5MbzdDlHPQUSMR3zx5yvUHOd5KYJdR%2FwVLoSzmMZkNWFHVSQRoaErQ%2BkU%2BmqNN6X%2FRsCjxx7AMdcM%2FlmKyYSzp8AyXtX2gwd4pTCRlUcBC%2BnSJTl7Zp%2FXURjkxCFmyzFR9%2BISi50x9wQs59Sviq%2FPNyP4lZY%2B4xTDmJTeCWCz0Pc5qPWxKnYw7X7OCWfMes5wTNQXCLn6LMu4k88DNY4wYezIuH2NME6cuYmf4zvG3KIZ4QWYwzAo69DXWf1gwEboYx%2Fu773o1EANmCalhKkViHjsc78mj%7Ctkp%3ABFBMxu_dkp9g
Apple Macbook Pro 13 Laptop i5 8G RAM 256G SSD MacOS X MICROSOFT REFURBISHER,Pre-Owned,$199.99,,Shipping not specified, United States,https://www.ebay.com/itm/224989904724?hash=item3462717f54:g:9lYAAOSwgh1igqId&amdata=enc%3AAQAHAAAA4BnAL9UwwdhLkmMNvPM2%2BJqfNp4n90NnB2ESqTKx4DhosqsEcbgOnrWyuX%2F8WTLNuQIWTYfktcrol1IY6xpRt3niGV0HjUN%2BCC2CKo6xVr9Khh9ydBhDOUtzF0ZGJejBQgXkG1gRmV1vrMnvR5GPdKtGblegz0LCcZEP1BdiROv7WlRFalcfHEnnsL91dj0qQfsocop4sFDdVouoab4wIRhCJcr3I7ZO7GTQ%2BYchbM71i38WTDXtWYrHhRqlf5Pzbo8nSuww8uk7TVdIHNsT5MR24SqjukiHVhflBXXEHXlY%7Ctkp%3ABFBMxu_dkp9g
Apple MacBook Pro A1708 13‚Äù Intel i7 2.5GHz 512GB SSD 16GB BTO/CTO Thunderbolt 3,Pre-Owned,$335.00,,Shipping not specified, United States,https://www.ebay.com/itm/384875225453?epid=146411925&hash=item599c59e16d:g:zusAAOSwmOBidZfA
"APPLE MACBOOK PRO 15"" (2015) | QUAD CORE I7 + RETINA + SSD | MAC OS | WARRANTY",Pre-Owned,$519.00,,Shipping not specified, United States,https://www.ebay.com/itm/384740886482?epid=217009412&hash=item59945807d2:g:0MIAAOSwZzJiDtnq
"Apple MacBook Pro A1502 11,1 13"" Laptop 2.6GHz i5 8GB RAM 128GB SSD 11.0 Grade C",Pre-Owned,$178.49,15% off,+$162.05 , United States,https://www.ebay.com/itm/134112301113?hash=item1f39b75039:g:cdUAAOSwBX1h3ezZ
"Apple MacBook Pro A1502 2015 13"" Retina i5 @ 2.70GHz 8GB RAM 256GB SSD",Pre-Owned,$349.99,,+$70.00 , United States,https://www.ebay.com/itm/224999775545?hash=item3463081d39:g:2MgAAOSwvcVii~d~
2006 Apple MacBook A1181,Pre-Owned,$49.99,,+$49.00 , United States,https://www.ebay.com/itm/255475607219?hash=item3b7b8866b3:g:EBMAAOSwurBiTlXj
"Apple MacBook Pro 13"" A1706 Intel i7 7567U @3.50Ghz 16GB RAM/512GB SSD Touch Bar",Pre-Owned,$610.00,,+$260.67 , United States,https://www.ebay.com/itm/203934202279?hash=item2f7b6cf9a7:g:~EsAAOSwsEpicUTu
"13"" Apple MacBook Pro Retina - i5, 8GB, 128GB SSD!",Pre-Owned,$367.08,8% off,+$70.00 , United States,https://www.ebay.com/itm/363844582266?hash=item54b6d3bb7a:g:sokAAOSwCWJihqzx&amdata=enc%3AAQAHAAAA4GmUCExHazKvB%2FxSeyODuZ6jxRR%2Fxy5bEijLamrpzEr8sC%2FjDINRBxM%2FZ7XjlREon5pqsOHs2STT47iuNQPu7sweFbvzZNee0WJInCNke0nSfKD9%2BCRism842A3MQa2r5FEWbZoqlhTJ%2BL%2FqHASUti6Ump7NX1%2BLxeM4i6LMh3ietFQco6TkUge9F7kVlNbNb3il3sZ%2BwW48G4HxZV33GBsjNycvHRnmOcPs3%2FZqRGWLhzcKemXWCcmMaqsJ1qf5kIudBMEVc5rsuTojyKDFOu6nHvZ7ZuC36UlRmUyt3AsM%7Ctkp%3ABFBMxu_dkp9g
"11"" Apple MacBook Air - i5, 4GB, 128GB SSD!",Pre-Owned,$183.08,8% off,+$70.00 , United States,https://www.ebay.com/itm/363845844658?hash=item54b6e6feb2:g:mW8AAOSwCg1iiDZ~&amdata=enc%3AAQAHAAAA4BQlVxNvsyNcbsQHxKFHkya4mDxEZn3JR2ioe7bpAbivDHhYMVj8WXyl0DZ1n2NGhKj%2BfeOjawTMhznD5JLvONz8IolB5ChKLEiARzFV6E1NmFhiz3ZJgEPcHjs2ENVDIZ2%2FfxGSJ7BBATpJ%2BHxVTINZdmbGTLMiRY99%2FS%2F2xyiVPvsio3Uyon8x0xTxxJ5PUNnqIJMpDcJhctmS3Zd6PfpYVbGNFBvHrS%2B5PeJ9xJX%2FORn5b00YKuD7oKYzFpJztPZqJjfgMXwxz%2Fvfpd0zAG9QhZMKkRmdyABEMhplidVm%7Ctkp%3ABFBMxu_dkp9g
"Apple MacBook Pro A1502 12,1 13"" 2.7GHz i5-5257U 128GB SSD 8GB DDR3 11.0 Grade B",Pre-Owned,$259.24,15% off,+$162.05 , United States,https://www.ebay.com/itm/134108935446?hash=item1f3983f516:g:nK4AAOSwlQRh3Jgv
"NEW 2022 SEALED APPLE MACBOOK PRO - 16"" SPACE GRAY - FULLY LOADED - M1 MAX",Brand New,"$9,999.99",,"+$3,675.55 ", United States,https://www.ebay.com/itm/115192587402?hash=item1ad203648a:g:3QUAAOSwFQRiZaEA
"Apple MacBook Air 2019 13.3"" i5 128GB - MVFH2LL/A (See Description)",Parts Only,$296.88,,+$49.00 , United States,https://www.ebay.com/itm/403512337606?epid=18032820715&hash=item5df335a4c6:g:rfMAAOSwVhRiH--j
"Apple A1466 Macbook Air 13.3"" i7-4650U @ 1.7GHz - 8GB RAM - 128GB SSD",Pre-Owned,$199.99,,+$66.00 , United States,https://www.ebay.com/itm/224999703206?epid=146411925&hash=item34630702a6:g:gmkAAOSw25lii-si
"2010 Apple Macbook Pro 15"" Model A1278 Used",Parts Only,$19.99,,+$70.00 , United States,https://www.ebay.com/itm/155006247702?hash=item241717a316:g:CygAAOSwzFtiiqDb
"Apple MacBook Pro 15"" Retina Silver Mid-2018 i9-8950HK 32GB 512GB SSD Big Sur LC",Good - Refurbished,"$1,024.99",,+$66.95 , United States,https://www.ebay.com/itm/403510911860?hash=item5df31fe374:g:bN4AAOSwQQViYD-w
"New ListingMacBook Air 11"" Early 2015 (2111) Core i5 1.60GHz 4GB RAM 128GB SSD - Grade C",Pre-Owned,$207.09,,+$70.00 , United States,https://www.ebay.com/itm/284828084438?hash=item425113a8d6:g:Ca0AAOSw~2FijSgK
macbook air mid 2015 I5 8 gig Ram 500 gig SSD,Pre-Owned,$200.00,,+$49.00 , United States,https://www.ebay.com/itm/165496996187?hash=item268863c15b:g:i1wAAOSwmNJifj~o
"2017 Apple MacBook Pro 15"" Intel Core i7 16 GB RAM 1TB 3.1 GH new keyboard w/box",Pre-Owned,$725.00,,+$49.00 , United States,https://www.ebay.com/itm/234563188562?hash=item369d0e3752:g:8UMAAOSwQ7BicxSo
"Apple MacBook Pro A1502 12,1 13"" 2.7GHz i5-5257U 500GB SSD 8GB DDR3 11.0 Grade C",Pre-Owned,$259.24,15% off,+$162.05 , United States,https://www.ebay.com/itm/384874979118?hash=item599c561f2e:g:nK4AAOSwlQRh3Jgv
"Apple MacBook Air A1466 5,2 13"" Laptop 1.8GHz i5 8GB RAM 250GB SSD 10.15 Grade B",Pre-Owned,$161.49,15% off,+$162.05 , United States,https://www.ebay.com/itm/384871523118?hash=item599c21632e:g:qMIAAOSw3MJh3ds1
"New ListingMacBook Air 11.6"" Mid 2013 (402) 1.30GHz Intel Core i5 4GB RAM 128GB SSD",Pre-Owned,$215.64,,+$70.00 , United States,https://www.ebay.com/itm/284828097475?hash=item425113dbc3:g:qwEAAOSwPZVijSuo
"New ListingMacBook Air 13"" Mid 2011 1.70GHz Intel Core i5 4GB RAM 128GB SSD",Pre-Owned,$251.74,,+$70.00 , United States,https://www.ebay.com/itm/284828124915?hash=item42511446f3:g:I8AAAOSwW2ZijS16
"MacBook Pro 2011 A1286 (EMC 2563) MD318LL/A Core i7-2675QM 2.2GHz, 4GB DDR3 RAM",Parts Only,$90.00,,+$79.00 , United States,https://www.ebay.com/itm/134084103946?hash=item1f38090f0a:g:rMYAAOSwKOBiEaqd
"Apple Macbook Pro 13"" Space Gray i5 2.3GHz 8GB 128GB SSD Big Sur MPXQ2LL/A LD/B",Very Good - Refurbished,$449.99,,+$62.46 , United States,https://www.ebay.com/itm/403264542090?epid=238194934&hash=item5de470958a:g:jb8AAOSw7MNiYD33
"Apple MacBook Air A1465 6,1 11"" Laptop 1.3GHz i5 256GB SSD 4GB DDR3 11.0 Grade B",Pre-Owned,$135.99,15% off,+$162.05 , United States,https://www.ebay.com/itm/134076331251?hash=item1f379274f3:g:GOoAAOSwIfJiTFeu
"Apple MacBook Pro 16'' (512GB, Intel Core i7, 2.6 GHz, 16 GB) Laptop - Space Gra",Brand New,"$1,895.19",,+$101.10 , United States,https://www.ebay.com/itm/394075088548?epid=18035226370&hash=item5bc0b4a6a4:g:M-EAAOSwmNJidqT3
"MACBOOK PRO 2020 TOUCH BAR 13.3"" 2560x1600 i5-1038NG7 16 512GB SSD MWP42LL/A",Parts Only,$499.00,,+$49.00 , United States,https://www.ebay.com/itm/403435625797?epid=20038050818&hash=item5deea31d45:g:kYAAAOSwl1diDWdP
"13"" Apple MacBook Pro - i5, 8GB, 512GB Storage!",Pre-Owned,$275.08,8% off,+$70.00 , United States,https://www.ebay.com/itm/363846902105?hash=item54b6f72159:g:OHgAAOSwZAdiiY3r&amdata=enc%3AAQAHAAAA4P1h97LlCYdH4ONgGYpDj8w0N091Dw4q7NqceB5X9mwbGmBEQvYSIjyHz%2BMzCddlJ%2FHwnJWFMAMTwoSMYu6PqfgDnFSgmxFHsKH5Qvux5%2FJ92RdNUPBEq5A50H7m9yccZIP6pDJUjRarnGjZ87gCbBdQ6y15v73DVOQeGhZ%2Fwx0O79asorBjIK0yfpurJ%2FI0HRCRur4y3b%2Bj%2Bzsj5%2FP4LgwBFQbuwhKHHGwVYTynP3dM3PBTcawMaznEaJwzBB0lQUMnUwkpBIFGAfjexKTQxEaFIKVHhWrdRn2kG2eUL%2B5E%7Ctkp%3ABFBMxu_dkp9g
"13"" Apple MacBook Pro Retina - i5, 8GB, 512GB SSD!",Pre-Owned,$551.08,8% off,+$70.00 , United States,https://www.ebay.com/itm/363845835481?hash=item54b6e6dad9:g:1x0AAOSwTCNiiC2d&amdata=enc%3AAQAHAAAA4H%2B4o35LFv6xWe7GYFyTU28L4wz7U7IjxrprE2pjOSHqL3XB5xO3dJa5zz2bbE6VBIJanRSWw9uTBPQiithLTpTNXNghPwM9VuoJRhuYM3jiwmX6Sm8VtcUrQMdtH3fFzzMizsQFTdNv6igglJ07yCffpUbqZxIpLGbFo8YIlB%2F7F0O%2B%2FYdI6Hwq0a5IxkcKmvRx2VoXD2DjByUdGYEDnJtqs1lRlJOc%2F8Ip0eFAv4CLVOBmgow6jpFk2IIcx54jLqc6gdy7quP7MNL98rLlyEuQiP0Q9EigAJeA7fCwktal%7Ctkp%3ABFBMxu_dkp9g
Shop on eBay,Brand New,$20.00,,,,https://ebay.com/itm/123456?hash=item28caef0a3a:g:E3kAAOSwlGJiMikD&amdata=enc%3AAQAHAAAAsJoWXGf0hxNZspTmhb8%2FTJCCurAWCHuXJ2Xi3S9cwXL6BX04zSEiVaDMCvsUbApftgXEAHGJU1ZGugZO%2FnW1U7Gb6vgoL%2BmXlqCbLkwoZfF3AUAK8YvJ5B4%2BnhFA7ID4dxpYs4jjExEnN5SR2g1mQe7QtLkmGt%2FZ%2FbH2W62cXPuKbf550ExbnBPO2QJyZTXYCuw5KVkMdFMDuoB4p3FwJKcSPzez5kyQyVjyiIq6PB2q%7Ctkp%3ABlBMULq7kqyXYA
"15"" Apple MacBook Pro Retina - i7, 16GB, 512GB SSD!",Pre-Owned,$551.08,8% off,+$70.00 , United States,https://www.ebay.com/itm/363844579393?hash=item54b6d3b041:g:i4IAAOSwrNJihqtN&amdata=enc%3AAQAHAAAA4MICAwKDnNv3O4tXz%2B9AV%2FF8X9DvrF3%2F0S4E8ItTEVGsK8nlfBSPC2ixgTpsCkHW50sKqUc2q7svc2NFACMAstMMokB0NVOxwVxTQaSFy%2BgKV%2Fl0XZ9O%2Bikb3%2FxPv%2B7sQv7wyDA880k%2B%2B04N%2B%2FoBzWSgLVsMfMFbf24FOKItIt9dxQ%2F5ava84CNo9rCz%2FD91RaxnxUy5l9weMRPfcji4Bq5D6K0mDC41eDQ7hsy30xd51FcJhFeTgiPFwI32168MookvwC5CxVUOoJZIDcK9e9JWhCmgDbql26QlM9Opq8aq%7Ctkp%3ABFBM7pbekp9g
2016 Apple MacBook Pro 15 Touch Bar Intel Core i7 2.7GHz / 16GB Computer LapTops,Pre-Owned,"$1,175.00",,+$49.00 , United States,https://www.ebay.com/itm/165482179531?hash=item268781abcb:g:Xo0AAOSwEV5h5E42&amdata=enc%3AAQAHAAAA4Lx6PZ%2BjPAkPsqDPoG%2FjlRqizvtLXjyq%2FYpJIOWpnOxYMoZIR5WY3hXsOsuQc98kjUAqRhppqHlfACkhz%2F3OrEnYgN%2BTmeimHXtlCf3gWfdAAfc9BvPPUeHJ83wWQPLt6ePq8bXq8UAYn%2B2bvxyelJWbQT2PM0rNVWNzBmOiw1cgx%2BN414GjhIFUofZ349MHTJEj9gj2yCJ7uhmy%2BUQ2io8GNewcPTpsKWamohVhSSXb4gSfrwjKBdHdwGkSJ9G0u2ptq0GOrs3ym7xLZBaO2VbSGQWTMVXEeXy4yurFKy7T%7Ctkp%3ABFBM7pbekp9g
2015 Apple MacBook Pro 15-inch Laptop |2.2GHz Intel Core i7|16GBGhz| 256GB SSD,Pre-Owned,$625.00,,+$99.00 , United States,https://www.ebay.com/itm/284580645966?hash=item4242540c4e:g:6vgAAOSwTV5hxTME&amdata=enc%3AAQAHAAAA4Mehd8KihxfQHqpIcmNnSXlo2m3lDyAnyLqdjEmoA2is%2FmBB3IowBd8RjOi4AozL48zhtjl%2BeJJOlhCYJArbioafv%2BASNLyUh3OtK0Cfx8lBw72NCId1uVMBHpJnLIt4mzTkmJ6jpEo8ehOF%2FntJPWfz398Y34BdUYiwl6jzaAYyREFuNysJw1mrmoE7RwaaRbIkyTjx%2BoG%2B6OEu8aEEji2xVezS3U6CnbpbeOatDwJYa8Ge183q%2BG1TT04toDklqiz0q7ZJCZ3rjwKdKmiifPMefrd8RMMm%2Bhkf8VpTTmVW%7Ctkp%3ABFBM7pbekp9g
Apple MacBook Pro A1286 15-Inch Mid-2011 Core i7 2.2Ghz 16GB 500 HDD,Pre-Owned,$345.00,,+$115.00 , United States,https://www.ebay.com/itm/284590245194?hash=item4242e6854a:g:y4MAAOSwxkhhz8oZ&amdata=enc%3AAQAHAAAA4MuRXtB2m3z3%2FsMOWDlqs3pffFaIU3sq6xkClq2VsxiKlXuzjeRXhOA1fCFQ9nb6JZ%2FVPhjyBti9lT5zmZ%2BKextf4mU2V9cZmSeb92aJVMI0EgD0jz8vbIsz%2FH6c2tV9RzlRiUJaGxlNpMMdGRLfffVngnsCH3QlbZyZCaPsFyCXWKG0%2BHnPK3EnJdBZ9GVsyUXqiY9yrgS2WJgb3Qtav2UlNkAPB0yugM4rbpQRJcBkgfzoYXjGBchZ8%2B5cqgv2dpStcOgXBK4u49vmNtdFc5eQjzziZpDpRsUJIZe5zo72%7Ctkp%3ABFBM7pbekp9g
"Apple MacBook Pro 16'' (512GB, Intel Core i7, 2.6 GHz, 16 GB) Laptop - Space Gra",Brand New,"$1,895.19",,+$101.10 , United States,https://www.ebay.com/itm/394075088548?epid=18035226370&hash=item5bc0b4a6a4:g:M-EAAOSwmNJidqT3
"MACBOOK PRO 2020 TOUCH BAR 13.3"" 2560x1600 i5-1038NG7 16 512GB SSD MWP42LL/A",Parts Only,$499.00,,+$49.00 , United States,https://www.ebay.com/itm/403435625797?epid=20038050818&hash=item5deea31d45:g:kYAAAOSwl1diDWdP
"Apple MacBook Air 13.3"" 2020 I3 8GB 256GB, GOLD - MWTL2LL/A",Pre-Owned,$448.99,,+$66.00 , United States,https://www.ebay.com/itm/403635611402?epid=5037481122&hash=item5dfa8ea70a:g:Q0MAAOSwh5ViBCJW
"APPLE MACBOOK PRO TOUCH BAR 13.3"" 2560x1600 M1 8GB 512GB SSD MYD92LL/A",Parts Only,$549.00,,+$66.00 , United States,https://www.ebay.com/itm/403613670860?epid=24042406150&hash=item5df93fddcc:g:NzcAAOSwedtieX3a
"Apple MacBook Air A1466 6,2 13"" Laptop 1.4GHz i5 4GB RAM 128GB SSD 11.0 Grade A",Pre-Owned,$161.49,15% off,+$162.05 , United States,https://www.ebay.com/itm/384871513124?hash=item599c213c24:g:b9UAAOSwcVFiTFEg
"Apple MacBook Pro 13.3"" 2020 APPLE M1 8GB 256GB SSD SPACE GRAY - MYD82LL/A",Parts Only,$589.87,,+$66.00 , United States,https://www.ebay.com/itm/403656572192?epid=11042403493&hash=item5dfbce7d20:g:mcoAAOSwb0xig8tQ
"Apple MacBook Pro Space Grey A1990 15.4"" (1TB SSD i9 2.4 32GB Radeon Vega)",Pre-Owned,"$1,399.99",,+$81.00 , United States,https://www.ebay.com/itm/275313382342?hash=item4019f4d3c6:g:8tIAAOSwDRNigYz~
New ListingMacBook Pro Retina 13 Late 2013 Core i5-4258U 2.40GHz 8GB 256GB SSD,Pre-Owned,$370.49,,+$74.00 , United States,https://www.ebay.com/itm/284828078339?hash=item4251139103:g:k8MAAOSwp8dijSar
Apple MacBook Pro 13 | macOS 2019 CATALINA | 16GB RAM | 1TB SSD | WARRANTY,Pre-Owned,$515.00,10% off,+$99.99 , United States,https://www.ebay.com/itm/154613900619?hash=item23ffb4e54b:g:7HAAAOSwynZhugSf
Apple MacBook A1181 2007 3.65A Max 16.5Vdc White with 60W Mag Safe Power Adpater,Parts Only,$74.95,,+$66.00 , United States,https://www.ebay.com/itm/265665011295?epid=78120385&hash=item3ddade5e5f:g:yAEAAOSw5FFgxqEI&amdata=enc%3AAQAHAAAA4AfTS5jMO6qxYhId20cFv7HRjxiSjDLK2uVL7pZQVQ3cwjHc0kl8UnjVt9t8xYfPVjr3Rus1DmtfCRCqP3R3F5baeq3FjPebQE2IcTDV2mH3UMc%2Fkoc7azI6Mu%2BF9F%2Bare6Ak0i1bk1InQqHbRdrE7v4BFI%2BBog7Hb5LMN64NcNc%2FducVC09DXi74YHAEVAZfqk8HD%2F21%2FQd5REvvqQsybEESyMfFWLuuoOS15Fm9jLelM%2BYxv5ljt2BColDhNrIP7akon%2FI9IK21YZVo2uA2jN82PUm0LCfsX66Qm8QsPey%7Ctkp%3ABFBM7pbekp9g
Apple MacBook Pro 15 (2013) Intel Core i7 8GB 2.0GHz 256 GB SSD Retina Excellent,Pre-Owned,$550.00,,+$99.00 , United States,https://www.ebay.com/itm/284607540979?hash=item4243ee6ef3:g:n-EAAOSwAfth2atg&amdata=enc%3AAQAHAAAA4GPmmSPyhnu9UGqUJzdZFDrsv8FtS9WxBCgDx6GmKIPW7DajutA6n6h4CwdlaDpWrcl3ZtQjQKCSO70ZfCXE9yfOqMsSdBWlBwNDOfos8Ris1oHDEUlohtkNp05X9nPCQsmZjzoaY3%2BmBx7XFUI2qrcVbXFvkdFYC%2B4nouNk9kh%2FywDpk8a5jTIF6dWnBsrZQ2ia1wZaJ6W4TcHuZGYQ%2BIPtcaist2E98pkSp2PWpYVNMP6D7baCXPKpzp95EUjIWFWRo%2FSkX%2BVTJUmrl24cAfNc3BDwS6c1xkDLbfImi8zL%7Ctkp%3ABFBM7pbekp9g
Apple MacBook Pro 15 (2015) i7- Quad-Core 16GB 2.2GHz 256GBSSD Monterey 2021,Pre-Owned,$675.00,,+$99.00 , United States,https://www.ebay.com/itm/284600050580?hash=item42437c2394:g:9I8AAOSwPGhh2Zzg&amdata=enc%3AAQAHAAAA4E4X4%2FGAUw3vVP4q%2FE5G6mviCllXChd6rj5UziJsb0cnDXA8lzRmCgFC4%2Byjpj4g4qwCMMyQo37MO%2FeuFL4lSXSg2ZIj2xqYmNFWTvlTVZUdn8JvolW9KU%2BroQWtMGnXFRnyzWC42SHvR9YGxBr2UV3GPBd7sHRDafnzl5l%2FR3C8avt8uG3mEPLyidJb7IlZy%2F5K9r7N%2BRUizU0R7%2Bn8VA4rLIRusMj2ArpuWgKJk0vF2Sa2%2BxQ8rs8ayu3qPi3aArS6ab4IjArYtqZqcAj%2BZO3HCI7hWCi2o3Gpn9hWu1Y8%7Ctkp%3ABFBM7pbekp9g
"Apple MacBook Pro 13.3"" mid-2019 Intel i5 128GB - MV962LL/A - Space Gray",Parts Only,$440.81,,+$66.00 , United States,https://www.ebay.com/itm/403435493293?epid=2303158019&hash=item5deea117ad:g:mhcAAOSwgYth8txA
"Apple MacBook Pro A1278 13.3"" Laptop 2.4 GHz p8600 500GB with Linux",Parts Only,$69.95,,+$77.69 , United States,https://www.ebay.com/itm/363820878097?hash=item54b56a0911:g:Ag0AAOSwOPZiDnGG
"Apple MacBook Air 2018 13.3"" Intel i5-8210Y 128GB SSD - MRE82LL/A",Parts Only,$359.10,,+$49.00 , United States,https://www.ebay.com/itm/403459304530?epid=12025311918&hash=item5df00c6c52:g:fRMAAOSwm8ViAuyO
"NEW 2022 SEALED APPLE MACBOOK PRO - 16"" SPACE GRAY - LOADED - M1 PRO",Brand New,"$5,999.99",,"+$3,675.55 ", United States,https://www.ebay.com/itm/115364000261?hash=item1adc3af205:g:yqQAAOSw06FiZaCi
"NEW 2022 SEALED APPLE MACBOOK PRO - 16"" SILVER - FULLY LOADED - M1 MAX",Brand New,"$9,999.99",,"+$3,451.55 ", United States,https://www.ebay.com/itm/115112201906?hash=item1acd38ceb2:g:OtIAAOSwfaRiZaLV
Apple Macbook Air 13‚Äù,Pre-Owned,$420.00,,+$25.00 , United States,https://www.ebay.com/itm/234279974007?hash=item368c2cb477:g:D08AAOSwEs5hgfn-
"Apple MacBook Pro 15"" Mid-2015 Silver i7 2.5GHz 16GB 512SSD BigSur MJLT2LL/A LB",Very Good - Refurbished,$559.99,,+$62.46 , United States,https://www.ebay.com/itm/203848958149?hash=item2f765840c5:g:E4MAAOSwsK5iYDpy
"Apple Macbook Pro Mid 2017 13"" A1708 i7 2.3GHz 8GB SSD 512 GB",Pre-Owned,$575.00,,+$326.09 , United States,https://www.ebay.com/itm/234553994699?hash=item369c81edcb:g:x70AAOSwX7FigWFS
"Apple MacBook Pro 13.3"" mid-2019 Intel i5 128GB - MUHQ2LL/A - Silver",Pre-Owned,$550.52,,+$66.00 , United States,https://www.ebay.com/itm/403418746077?epid=3032824383&hash=item5deda18cdd:g:b8EAAOSw5Hlh3vgH
MacBook Pro 13 Touch Bar Space Gray 2019 2.8 GHz i7 16GB 512GB #8852,Pre-Owned,$825.99,,+$110.50 , United States,https://www.ebay.com/itm/275307237341?hash=item4019970fdd:g:zXkAAOSwkiRievGw
"NEW SEALED APPLE MACBOOK PRO 16"" SILVER - FULLY LOADED - 8TB / 2.4GHZ",Brand New,"$7,999.99",,"+$2,958.73 ", United States,https://www.ebay.com/itm/114849896300?hash=item1abd96576c:g:15gAAOSw6X1g5MIf
"Apple Macbook Pro 13"" Laptop | Intel i5 16GB RAM | 1TB SSD | OSX-2019 | WARRANTY",Pre-Owned,$500.00,10% off,+$79.99 , United States,https://www.ebay.com/itm/153993659236?hash=item23dabcc364:g:DWoAAOSwlJRgDD8a
Apple Macbook Pro 13 | 16GB RAM | 1TB SSD | 2.4GHz Intel | MacOS Catalina,Pre-Owned,$445.49,10% off,+$99.99 , United States,https://www.ebay.com/itm/154099275074?hash=item23e1085542:g:p4wAAOSwGypf4MQ~&amdata=enc%3AAQAHAAAA4KMbyzYvMiO0sWCoH01DbHSZf9MRHCG8cz2yAw8pNTNsfmCEoXM05PNoGLn5X2VQmix64aeZo%2FUFsCl0Ez9ahPWfANHGJ5uBMZ63YG5AyWI%2BM64gYNpFtFv0CgJO%2F7Aa84HEjZhMi3UGcuNj%2Fgjg2BkSUzXm3VO7kT8sPVr0%2BrJWIkfywI8i0IjHLxVdJkwkGRNtsK1N%2F3tWjbGXYiYVvQcxlhlFxhRqhzng3imsUroI2%2Fnl%2Bz7DlGMbs4Kls%2FmzMOdDxhh6HQkUBDnKN6beaIHz%2FK%2BhiwAqCx5PMQfveRY0%7Ctkp%3ABFBM7pbekp9g
"Apple MacBook Pro 15"" | NEW 256GB SSD | 8GB RAM | MAC OS Catalina | Restore USB",Pre-Owned,$289.95,,+$66.00 , United States,https://www.ebay.com/itm/154984273303?hash=item2415c85597:g:xqcAAOSwgnZidtux&amdata=enc%3AAQAHAAAA4IN01k8ve3aEpG%2B3HcDP9bhU0etwMXX45y%2BGGGWWz7RqC8r64hDiCh26UVL2E2YBTQPhI4ssQC4ue9voQmGROrdGi1B1GjcZCnYinPbVcGt8f2z1GKBmKZ%2Fv9hE%2Byx%2B%2FCS9v6%2FiTMav0Lzr6szVlEKj9CnWKyX9g07xCxMSMfhJ2USPp1Sr%2B4Gol6j8S0Wyyb3VmjYhUmnU%2BWn9B5KpoexvT9Y6LWmNt4ZUUbWdh5y4xd1PPGnUHPsC4mfeiPMMrP1XTp4kQEqcSU9LdTi0CD%2FblQodBFAG8cH1aHLIvf0AO%7Ctkp%3ABFBM7pbekp9g
"Apple MacBook A1181 13.3"" Laptop - MB404LL/A (February, 2008)",Open Box,$199.00,,+$70.00 , United States,https://www.ebay.com/itm/185379555044?epid=78120375&hash=item2b297b86e4:g:O1EAAOSwTZFiUe2K&amdata=enc%3AAQAHAAAA4M0s9UF7eC0gOBfb%2ByjE%2FAuTULN%2BB5YcsFxuro88YzFeJHSopq8XwmTSHiGJprAmS5nKk3B3s7EWqkHl2NUGlGYVIAF8P%2Bg%2BOoCB4cpROJu0g6h1g6ft2wJhCDMngmvgJRaoNgEaibhEWGyCM6VJyIv5CpoY3ezhl%2BbfiO5ayPw865zL%2BTkMB4Ol3ATgI%2Bdhy8NOjPiQRz76hJ5K21s2kA7qwGvzcV0pNHduSCNUg75FrvwAm9Afw0lgBw3HTD2CgJk2UxyodocimdpHtLaE28o1jwQf70uPQcwaWzQvvN72%7Ctkp%3ABFBM7pbekp9g
apple macbook pro 13.3‚Äù 2.5GHz intel Core i5 2012 8GB RAM 500GB HDD,Pre-Owned,$325.00,,+$84.55 , United States,https://www.ebay.com/itm/164849370110?hash=item2661c9c3fe:g:z0AAAOSwg6VgkZdV&amdata=enc%3AAQAHAAAA4Hin5DQbZaqYcPucO0%2Bxr1pQlbyD40d4ERaGQXH3BRZa8uhg55xgNOFiuiT19kOWOGpC%2FAe86bK9c76PbRBWvpn0l212eepHnGnl3JXqD3wSQMxoJYkI2WyUh9ByHXsoHQGrqz0ECV4aom1F1654x%2BGu%2FuonQMw%2FKi8WB0%2BKjBovbCoL9PzkiJtI1xaLA1wrS%2FhjFMOvlGdvpvNRuyF0YVgyfdZDLFcJXJ9dqjZDtQqo15mhelLXW3FToim7QChliCnMudn7GpuAOTDKs%2B0AYIrmkiLdoaBfV05hHGRV5hhY%7Ctkp%3ABFBM7pbekp9g
"MACBOOK PRO 2019 TOUCH BAR 16"" (SEE DESCRIPTION)",Parts Only,$889.87,,+$66.00 , United States,https://www.ebay.com/itm/403652592119?epid=18035226370&hash=item5dfb91c1f7:g:q58AAOSw7F9iRGSN
"Apple MacBook 12"" A1534 For Parts, READ",Parts Only,$350.00,,+$71.85 , United States,https://www.ebay.com/itm/402288006661?epid=238286353&hash=item5daa3bd605:g:09MAAOSwNp1e3TGV
"Apple MacBook Pro A1278 7,1 13"" 2.66GHz C2D 4GB DDR3 250GB SSD 10.13 (Grade B)",Pre-Owned,$110.49,15% off,+$162.05 , United States,https://www.ebay.com/itm/384818350747?hash=item5998f60a9b:g:-skAAOSwsptiTKGJ
"Apple MacBook Pro 13"" Touch Bar i5 8GB 256GB Space Gray MISSING PARTS MUHP2LL/A",Parts Only,$319.99,,+$256.70 , United States,https://www.ebay.com/itm/124495369201?epid=2303863019&hash=item1cfc8093f1:g:m88AAOSwtzZibD73
"Lot of 6x 13"" APPLE MacBook Pro A1278 Intel Core 2 Duo 4GB 250GB 160GB Read !",Pre-Owned,$716.00,,+$321.15 , United States,https://www.ebay.com/itm/255474878956?hash=item3b7b7d49ec:g:95gAAOSwfzliTckx
Apple MacBook Pro A1260 MB133LL/A February 2008 C2D 2.4GHz 2GB RAM 200GB HD,Parts Only,$109.00,,+$319.38 , United States,https://www.ebay.com/itm/143179174406?epid=78120315&hash=item215624d206:g:K2cAAOSwfhlcCIFw
APPLE MACBOOK AIR 13 INCH LAPTOP | I5 TURBO BOOST | SSD | 2 YEARS WARRANTY,Pre-Owned,$249.99,,Shipping not specified, United States,https://www.ebay.com/itm/334352150550?hash=item4dd8f0f016:g:lZIAAOSwv5JiImGW&amdata=enc%3AAQAHAAAA4Ekfuxrjz4KhSNI4HQDKfbeetbxUAR9vxfHpZvpI%2F4nHP96x8NRl5MRfbqZ27bOW%2B0fTsehx3P0hYpHtWM0UbuIMb8qrHemSaANNoNFq1LqU1lCzp0VLJ8kepU1101MhCgK4XXt3xwjNGhDAkTx0AsQVrWt6%2BA3Kw3j8z4oFbSbx8yp%2BYun0oWCJE8HunioPWDQ9RBOyPjRFvL92kLRV66UFGwcnLJrCW2mWZzWFh3CvURLTiSNrPwAkyT7wQAdSf%2BHJxGY8xYq6GbRMW%2FQ%2BnfEG57CtRq5VPXJXvVDtpMAo%7Ctkp%3ABFBM7pbekp9g
Apple Macbook Pro 13.3‚Äù 2012 2.5GHz intel Core i5 8GB RAM 128GB SSD,Pre-Owned,$295.00,,+$84.55 , United States,https://www.ebay.com/itm/164234496556?hash=item263d238a2c:g:tm0AAOSwXmFe27W6&amdata=enc%3AAQAHAAAA4Jyd9ICNKfu%2BXK62tTZLfDb2V6sbouc45krk916UkN39B2zOmkBujBuS7q2CSsCIJaLL%2BuQ1Udl247BGLF2hyc7BaVkomJLYwzcduQ9zHzsd%2BVAN25%2F%2B%2BfDIK%2FGwkDaMVYdpNGdfx0PMJq9Rr92f59BzIBrI4JRvB6eKSvbwsYq1IYQwdXfVRN82S21%2Fig4TQ%2BDS8x1AQ5N5UBGoQTRAmL0CFgf8FB8Jlf5jIY4ZwrD58F0sgmFqQsRSurB0yywN0YM%2BYJJzzOt%2FVt80R9EkPz%2F8SMt%2B4C826T3rCQ3sYn3Z%7Ctkp%3ABFBM7pbekp9g
"Apple MacBook Pro 15"" Space Gray 2018 i9 2.9GHz 32GB 512GB SSD Big Sur MR942LL/A",Very Good - Refurbished,"$1,204.99",,+$66.95 , United States,https://www.ebay.com/itm/194250601426?epid=13021490718&hash=item2d3a3cf3d2:g:CMUAAOSwvX1iYEAv
"Apple MacBook Pro 15"" 2018 i9 2.9GHz 6-Core 32GB 1TB New Battery #05517",Pre-Owned,"$1,125.99",,+$119.80 , United States,https://www.ebay.com/itm/275307240945?hash=item4019971df1:g:FjoAAOSwE0lievTZ
"Apple MacBook Pro 2021 14.2"" M1 16 1TB SSD - MKGQ3LL/A (See Description)",Parts Only,"$1,799.00",,+$49.00 , United States,https://www.ebay.com/itm/403666882467?epid=13050304331&hash=item5dfc6bcfa3:g:YKYAAOSws6ZihUwg
"Apple MacBook Air 13"" Space Gray i5 1.6GHz 16GB 256GB SSD Big Sur MRE82LL/A L/B",Very Good - Refurbished,$554.99,,+$66.95 , United States,https://www.ebay.com/itm/203733141231?hash=item2f6f7106ef:g:ZBgAAOSwmwdiYEDo
"Apple MacBook Pro 2021 16"" M1 16 512GB - MK193LL/A (See Description)",Parts Only,"$1,749.89",,+$49.00 , United States,https://www.ebay.com/itm/403663788707?epid=11050299618&hash=item5dfc3c9aa3:g:UCoAAOSwVWVig7FG
"Apple MacBook Pro 13 inch (120GB, Intel Core i5, 2.30GHz, 8GB)",Pre-Owned,$200.00,,+$21.00 , United States,https://www.ebay.com/itm/354017182181?epid=99741550&hash=item526d1181e5:g:XfwAAOSwtO1iXjPu
"Apple Macbook Pro 15"" Mid-2017 Silver i7 2.9GHz 16GB 512GB SSD Big Sur MPTT2LL/A",Very Good - Refurbished,$829.99,,+$62.46 , United States,https://www.ebay.com/itm/203532142795?hash=item2f637608cb:g:GWYAAOSwcmpg-GtI
"NEW 2022 SEALED APPLE MACBOOK PRO - 16"" SPACE GRAY - LOADED - M1 MAX",Brand New,"$8,499.99",,"+$3,675.55 ", United States,https://www.ebay.com/itm/115127583323?hash=item1ace23825b:g:r3oAAOSwGI1iZaDV
"MacBook Pro 13.3"" Apple M1 chip 8GB Memory 512GB SSD MYD92LL/A - Space Gray",Open Box,"$1,399.99",,+$308.96 , United States,https://www.ebay.com/itm/154877435921?epid=24042406150&hash=item240f6a2011:g:4OsAAOSwk9liaFrv
Apple Macbook a1181- Parts,Parts Only,$20.00,,+$70.00 , United States,https://www.ebay.com/itm/284459736953?hash=item423b1f1f79:g:fbQAAOSwlINhSVsF
"Apple MacBook Pro 2021 14.2"" M1 16 512GB - MKGP3LL/A (See Description)",Parts Only,"$1,699.89",,+$49.00 , United States,https://www.ebay.com/itm/403657096715?epid=13050304310&hash=item5dfbd67e0b:g:wKYAAOSwBQVifmRW
"Apple MacBook Pro 13"" i5 8GB RAM 256GB SSD - MPXT2LL/A - (2017 Edition)",Pre-Owned,$494.88,,+$49.00 , United States,https://www.ebay.com/itm/403435434350?epid=238296338&hash=item5deea0316e:g:LaQAAOSwy2hh8tMo
macbook pro 13 inch m1 2020 Space Gray,Pre-Owned,"$1,100.00",,+$60.00 , United States,https://www.ebay.com/itm/284638619543?hash=item4245c8a797:g:micAAOSw0c5h~Kpl
"Apple MacBook Pro A1278 8,1 13"" 2.7GHz Core i7 256GB HDD 4GB RAM 10.13 (Grade C)",Pre-Owned,$144.49,15% off,+$162.05 , United States,https://www.ebay.com/itm/374006307209?hash=item5714835989:g:VkAAAOSw6~dg1OFL
"Apple MacBook Pro 13 inch | 2017 | Intel I5, 8GB Ram, 128gb SSD | Big Sur | üî•",Pre-Owned,$675.00,,+$112.00 , United States,https://www.ebay.com/itm/294999053962?epid=238296338&hash=item44af50568a:g:ftUAAOSw6ONiiwES
"Apple MacBook Air 2011 A1369 MC965LL/A 13.3"" Core i5 1.7GHz 4GB 128GB Catalina",Parts Only,$228.00,,+$79.00 , United States,https://www.ebay.com/itm/144016211758?epid=108849307&hash=item218808ff2e:g:UpYAAOSw7klggJEh
"Apple MacBook Air A1466 6,2 13"" 1.3GHz i5-4250U 128GB SSD 4GB RAM 11.0 (Grade C)",Pre-Owned,$140.24,15% off,+$135.79 , United States,https://www.ebay.com/itm/384874914141?hash=item599c55215d:g:xdUAAOSwxexhN64q
"Apple MacBook Pro A1278 7,1 13"" 2.66GHz C2D 4GB DDR3 250GB SSD 10.13 (Grade C)",Pre-Owned,$101.99,15% off,+$162.05 , United States,https://www.ebay.com/itm/384818350839?hash=item5998f60af7:g:Gf8AAOSweU5iTKGP
"Apple MacBook Pro A1278 7,1 13"" 2.4GHz C2D-P8600 4GB RAM 250GB HDD 10.13 Grade B",Pre-Owned,$101.99,15% off,+$162.05 , United States,https://www.ebay.com/itm/134076594292?hash=item1f37967874:g:QKQAAOSwxalg1Iiz&amdata=enc%3AAQAHAAAA4A8b5Qz380s%2FxTKXolHr21j0xtgsqswI0bV%2B4wWs7TYmbnp7ZH%2BbiYPbz29Hqzd2uajt4ju79%2Bro7HDQJ3O74LAPy6ET380KiTLA%2BE3lMkvWSqoZx6rVck1uR3inz5yryy46dPDP4OFzV5wpZc%2FZRM16CTU6U8rE1e%2BBLXECpfeDLOYcb4e235S0juPsIA0A7AV8JqtKuX%2FzfjhN7jRpyollxMryhPhj9bxjGVe1Qb%2BdEQ4jj1XvH8WEeaDjrWUcBy5uG74HuAp45i6OPsQdrBJqjymR6uccBRpdRZ9VsHMV%7Ctkp%3ABFBM7pbekp9g
{i5} Apple MacBook Pro 13‚Äù 2015 MacBook Pro Runs W/ BigsurOs (11.5),Open Box,$850.00,,+$74.00 , United States,https://www.ebay.com/itm/334134513868?hash=item4dcbf810cc:g:HccAAOSw5D9hMPHN&amdata=enc%3AAQAHAAAA4Dk3enAC0%2FFN4N%2FXb%2BknDjBaQDpbAi2gatTtujEVnxT3%2F%2FN%2FhOTuTtQTrhnj4vsgAz4SXDOwdOorJIuEQm%2BHhdI6ntQpe1UUWHLZef%2FPn0krJJvT3RWsQvnYO9R07qZNvbjCNiBjWPWe4e56jeLBmfjTnsEc1p2yGhpyfrKNDeNAkS3R6ZD%2FcahCgn5vpDi1h0nkggseYtHLvBGwvWQv%2B%2FLut6kvCkqzb%2Bn3lF48aLsur8xY7%2BCJBTOjDKpADAGMtUUOMIdgWxEUvdWYSCv0xsK5Ip2ku87p4jqE%2BnwrM2Vy%7Ctkp%3ABFBM7pbekp9g
Shop on eBay,Brand New,$20.00,,,,https://ebay.com/itm/123456?hash=item28caef0a3a:g:E3kAAOSwlGJiMikD&amdata=enc%3AAQAHAAAAsJoWXGf0hxNZspTmhb8%2FTJCCurAWCHuXJ2Xi3S9cwXL6BX04zSEiVaDMCvsUbApftgXEAHGJU1ZGugZO%2FnW1U7Gb6vgoL%2BmXlqCbLkwoZfF3AUAK8YvJ5B4%2BnhFA7ID4dxpYs4jjExEnN5SR2g1mQe7QtLkmGt%2FZ%2FbH2W62cXPuKbf550ExbnBPO2QJyZTXYCuw5KVkMdFMDuoB4p3FwJKcSPzez5kyQyVjyiIq6PB2q%7Ctkp%3ABlBMULq7kqyXYA
"Apple MacBook Pro 13"" 2.5GHz i5 16GB RAM 1TB SSD A1278",Pre-Owned,$479.50,,+$99.99 , United States,https://www.ebay.com/itm/154957468404?hash=item24142f52f4:g:zpoAAOSwvw1iYCPm&amdata=enc%3AAQAHAAAA4ObF%2FsrMaKkn9Uk4QxE9GiDkxNx9JDAq5KQCtcdf1frzQXI2T5eYdzUwfcuJDMSpfE9vhowqhqT%2BxxoKdLJPJyyehS29ZiIQMF4qqtKrfsemHP%2FHpK30pjYUlvk2fjPOCOmfnEnAeYB%2BDoG01gtIIOk%2B%2B2tYKQUaCfRIwoK5e4ZCTxfPu7%2BQiHBeMCCeKDh3vco%2BGbAYMh2WNXiE1L9rRnOebQNjpsdSRJuZqICUhi7enJ6zjK91i6PLAUei1UFrr2lOqH58jdUmiyvOyeIu%2B4sLw7zQVbvZexDzm3q3ctxN%7Ctkp%3ABFBM1L7ekp9g
Macbook Pro 13‚Äù 2.5GHz intel Core i5 2012 8GB RAM 500GB HDD Multicolor Cover,Pre-Owned,$350.00,,+$84.55 , United States,https://www.ebay.com/itm/163586033153?epid=110891711&hash=item26167cc601:g:xXEAAOSwx2xg9hSA&amdata=enc%3AAQAHAAAA4O8Ma2SCvgE0Ax7IwYLv8QPHQIc17cK%2BZUoosbXtLfD6nLES3pn9y6zAupaqkNR1ld57MyFv%2FAoCByF5x3ux4O2Cw1iSVoGrdVz%2FgULTDY4ULqqD3C4OL7c%2FyJnSROaXBYWkfdXZgKfIPLQ0BB%2BX9gokFysAIvGfV61YjgiEEeXkel%2F8N2XrZT5xt3sEOS%2Fw9NGlNvyn2GbnzsWTNEt4B02EAdgQ4HJ94bv%2FftGzvU46DUvOXUF0dSCdcdqDLcYSHQJpcJHrFonmp3xSLLctlATB5AzDh228X1i6b8S%2Fys4B%7Ctkp%3ABFBM1L7ekp9g
"Apple MacBook Pro 13"" 2.9 GHz i5 512GB SSD 16GB RAM Early 2015 A1502 VALUED BUY!",Pre-Owned,$445.00,,+$49.00 , United States,https://www.ebay.com/itm/224991228220?hash=item346285b13c:g:XrgAAOSwUxlig-wD&amdata=enc%3AAQAHAAAA4P63jzSi493LtLi%2FLnSWqdbPwHLp%2Fpb3bID9JShfZog%2F59%2FDVOaPwA97xRX4vCjxvSS2%2FrDH1nfzLb40gpy6FGG4Hy2EUOhukQZa5RkeSDaWJFO%2FB5Hvh%2F2y0uboO%2F7D2IAFtjFs%2FTxpQCVnY8tgumYWEAMUwOTD1INk5cWVLanTu7hUj3O18l0cHo1lCEx1C%2FmqWwkRk2Umn5gldVF%2BagwGv1L4UN8LOB3dt6opsMsYFXnE%2FFhYXVWWn9IthYuXSKmMKxeqctm7qzzmlfK2JjLRmBH8eM%2F61woiSEic5bb5%7Ctkp%3ABFBM1L7ekp9g
Apple MacBook Pro 13-Inch A1278 (Late 2011) Motherboard,Pre-Owned,$167.50,33% off,+$13.00 , United States,https://www.ebay.com/itm/125257677727?hash=item1d29f07b9f:g:JaYAAOSw5spiVx2l&amdata=enc%3AAQAHAAAA4CJ5v4C4KSSMtSE%2F1kfxDmfQwG1E6njMzz07WzguMNXpwQfJs32sc4HMKukDq6mS154h8HU6Qv%2BP7YfJmImqziTfm8yiOJvSZlc4XKzWrMUkFbBn84B3mArynoOffKtFFvLVuJhLUY5fgDvfwyeP%2F8VrVO9%2BnAumghS6vTUEQyQidgDXmYc2pyF7e1nfjcVXMxMRDn6Vrw6wbs%2FXX4p%2Fqp54JP20DSlvV9lHa9wC4YDF13%2FAlOaW%2BA1OQfSxBt49yMJ0xnnhofy8%2B3crWnbEWkahxz%2Fhlev%2FqEPs4oP2VaGq%7Ctkp%3ABFBM1L7ekp9g
Apple Macbook Pro (2020) Core i5-8257U 1.4Ghz 8GB RAM 256GB SSD - MXK32LL/A,Parts Only,$494.99,,+$49.00 , United States,https://www.ebay.com/itm/403421681662?epid=4038042762&hash=item5dedce57fe:g:bEMAAOSw~XxgpS~x
Apple MacBook Pro 2011 MC724LL/A Core i7-2620M 2.7GHz 4GB DDR3 500GB HD Catalina,Pre-Owned,$209.00,,+$83.00 , United States,https://www.ebay.com/itm/134081920890?epid=99741020&hash=item1f37e7bf7a:g:m-EAAOSwWX9iEbci
Apple MacBook Pro 15-inch 2019 i9 2.3 GHz Intel 8-core 512GB SSD 16GB RAM #5549,Pre-Owned,"$1,195.99",,+$121.80 , United States,https://www.ebay.com/itm/275084730447?epid=15048215569&hash=item400c53e04f:g:n34AAOSwOVlhzn5U
"Apple MacBook Pro 13.3"" i5 512GB - Z0YJ1LL/A (CRACKED LCD)",Parts Only,$440.88,,+$66.00 , United States,https://www.ebay.com/itm/403465740415?epid=24039543637&hash=item5df06ea07f:g:WSkAAOSwPexh8wSZ
Apple MacBook Pro A1278 2010 Intel 2.4GHz 8GB 128SSD,Pre-Owned,$99.95,,+$74.00 , United States,https://www.ebay.com/itm/203877114376?hash=item2f7805e208:g:Mk4AAOSwXtFiN~5l
Apple MacBook Pro Intel Core i5 2.5 Ghz 13 inch laptop 16GB ram 1TB storage,Pre-Owned,$375.00,,+$74.00 , United States,https://www.ebay.com/itm/363847946740?hash=item54b70711f4:g:QrcAAOSw9bRiiuYk
"Apple MacBook Pro 15"" 2016 Silver i7 2.7GHz 16GB 512GB SSD Big Sur MLH42LL/ A LC",Good - Refurbished,$639.99,,+$62.46 , United States,https://www.ebay.com/itm/403149775369?hash=item5ddd996209:g:kXcAAOSws7NiYDwG
Apple MacBook Air i5-1030NG7 8GB 512GB SSD - MVH42LL/A,Parts Only,$479.89,,+$49.00 , United States,https://www.ebay.com/itm/403458814958?epid=18037475356&hash=item5df004f3ee:g:JooAAOSwbNhiYswV
APPLE MACBOOK PRO 2019 - TOUCH BAR Intel Core i5 8GB 256GB SSD - MUHP2LL/A,Parts Only,$476.88,,+$49.00 , United States,https://www.ebay.com/itm/403458672768?epid=2303863019&hash=item5df002c880:g:rskAAOSwcTdiApMo
"Apple MacBook Pro Retina 15"" Core i7 2.6GHz 16GB, 256GB 392 Cycle GOOD CONDITION",Pre-Owned,$455.00,,+$66.00 , United States,https://www.ebay.com/itm/224996659036?hash=item3462d88f5c:g:NGkAAOSwJydicISi&amdata=enc%3AAQAHAAAA4PbAcSCD5SKs3F%2BluWzfJK%2FLJFTAeujJuhBfzvkBEdjBpW94ugSnZZ90GJrh%2BeL7bfMQ4P0dPeseWZ%2FvGfX%2Fv%2FvwSHFjTt3yRKLdjqZTQk39ubSMANMLOTFD6j7GiKCUxQ0DxalpnK%2F6bqZ0GGGrwuzfyI2sjIeL5nc2%2FzWORAoEW6S3Ua1k7UKU0U5vDUGqoC6KskDHPbIeIV6zwOQbWixcflEOnURRGKre74nq%2F%2FW1FSZTvNAmRN6WQWZnlbBACwUISUKZ1owd5t3zV6b7%2BQv%2BUMuDCYVWYfEGHIoPnd0j%7Ctkp%3ABFBM1L7ekp9g
"UPGRADED MacBook Air 13.3"" LED, 2015 MJVE2LL/A, Core i5, 8GB RAM, 1TB M.2 SSD",Pre-Owned,$750.00,,+$71.85 , United States,https://www.ebay.com/itm/125319422114?hash=item1d2d9ea0a2:g:bMQAAOSwR9FihCj~&amdata=enc%3AAQAHAAAA4FLKtRPjHc7Obk0Evlr%2B3XmL0YAe%2BkfG1NJuObQbZzAn6UeM7aub717TTEjStOz3P95p7L1SRW8GSbAknwspsDYzUemq%2F2HJ9NrWUsYSvjRE%2F27fOqc3ULwdswOi7N7hgeJtklodz1O0Rez9RuEJcjAU3TOSNNqV0mbwpk%2BXCgGJ0Flg35WfUi5i8S3bqr6WQb2W1x6M0RIvm%2Bmc05%2BqjpX5Z%2BQQJvuF16UCgvlnh0AxxQUDWv3YFibDQhMdkmvTZ9w1zpiT96xjqIQ9q1vNuh89rZEqVFke0kkyvaCWyst3%7Ctkp%3ABFBM1L7ekp9g
MacBook Air 2014 Good Condition,Pre-Owned,$245.00,,+$50.00 , United States,https://www.ebay.com/itm/224996660902?hash=item3462d896a6:g:aRsAAOSwHSNigPo2&amdata=enc%3AAQAHAAAA4BtN4BoRpjMNiDCNrdSGyFFlWvBpu7ClNtbsxGVzHkFWtotoGqOVmcZZROhsc%2BUFR1j0%2F7JzV2XohFYwPpmh5%2B4fpkn68lmMLVwfp%2BnWckWvtwGYAfGvXvzpJNU14pHY5Dapr4oBY%2FJcjic5OlLrqKN6rDk6TWFjAY%2FkZlMzPyvwN9%2B0Yl%2BG%2F6PZ2aMX22Yedyzlh9Qg81xpnFeQwmwOSMr1C1LLsj8zFgdp%2FAkuortrTgfqfI3W4CFxWgRXaZvJGu5WFO9RodtdYuTNfZ633nYANFSQ2OSxB1LcqweLTCeY%7Ctkp%3ABFBM1L7ekp9g
"Apple MacBook Pro 13.3"" mid-2019 i5-8257U 8GB 128GB - MUHN2LL/A",Parts Only,$399.00,,+$49.00 , United States,https://www.ebay.com/itm/403598440322?epid=14032813598&hash=item5df8577782:g:MvEAAOSwK1xfqDTG
Apple MacBook Pro (15-inch Early 2013) 2.7 GHz Intel Core i7 500GB SSD 16GB RAM,Pre-Owned,$396.00,,+$70.00 , United States,https://www.ebay.com/itm/324940750576?hash=item4ba7fa5ef0:g:lZUAAOSwWzlhjznF
"Apple A1466 MacBook Air 2012 13.3"" Intel i5 1.8GHz 4GB DDR3 No SSD NO OS",Parts Only,$129.99,,+$66.00 , United States,https://www.ebay.com/itm/224963318473?hash=item3460dbd2c9:g:orIAAOSwArVibEP6
"Apple MacBook Pro A1278 9,2 13"" 2.5GHz i5-3210M 250GB SSD 8GB DDR3 10.15 Grade C",Pre-Owned,$152.99,15% off,+$162.05 , United States,https://www.ebay.com/itm/374006602417?hash=item571487dab1:g:EW4AAOSw3XRg1Iil
"Apple MacBook Air A1466 6,2 13"" 1.3GHz i5-4250U 128GB SSD 4GB RAM 11.0 (Grade B)",Pre-Owned,$148.74,15% off,+$135.79 , United States,https://www.ebay.com/itm/384874912186?hash=item599c5519ba:g:xdUAAOSwxexhN64q
"MacBook Pro 15-Inch Late 2013 (A1398) Core i7 2.0GHz 8GB RAM, 256 SSD READ DESC",Parts Only,$179.99,,+$36.00 , United States,https://www.ebay.com/itm/363848829562?epid=14027325568&hash=item54b7148a7a:g:aPAAAOSw1EtijAB6
"NEW SEALED APPLE MACBOOK PRO - 16"" SPACE GRAY - FULLY LOADED - 8TB / 2.4GHZ",Brand New,"$7,999.99",,"+$2,958.73 ", United States,https://www.ebay.com/itm/114859178301?hash=item1abe23f93d:g:MzIAAOSwtkhg9ym1
"Apple MacBook Air A1466 5,2 13"" Laptop 2.0GHz i7 4GB RAM 250GB SSD 10.15 Grade B",Pre-Owned,$186.99,15% off,+$162.05 , United States,https://www.ebay.com/itm/134106616800?hash=item1f396093e0:g:HUEAAOSweOhh3ds8
Apple MacBook Pro 16 Inch 2019 2.6 GHz Core i7 512GB 16GB RAM 4GB GFX,Pre-Owned,"$1,199.99",,+$22.00 , United States,https://www.ebay.com/itm/363848762712?epid=18035226370&hash=item54b7138558:g:IFMAAOSwpH9ii-sU
MacBook Pro 13 Touch Bar Space Gray 2018 2.7 GHz i7 16GB 512GB #6053,Pre-Owned,$795.99,,+$110.50 , United States,https://www.ebay.com/itm/284595441730?hash=item424335d042:g:CMYAAOSwc4th1VoY
"Apple MacBook Pro A1286 - Mid-2012 15"" Laptop - For Parts",Parts Only,$75.00,,+$20.00 , United States,https://www.ebay.com/itm/363843532223?hash=item54b6c3b5bf:g:uf4AAOSwqbFihXpM
Apple MacBook Pro (13-inch 2020) M1 Chip / 8RAM / 256GB SSD / 8-Core GPU! Mint!,Pre-Owned,$975.00,,+$49.00 , United States,https://www.ebay.com/itm/334437742644?hash=item4dde0af834:g:wekAAOSwkblicExJ
"Apple MacBook A1181 MB062LL/A 13.3"" Intel Core 2 Duo w/ OS X 10.4.11 2.16GHz S4E",Pre-Owned,$44.89,,+$96.50 , United States,https://www.ebay.com/itm/313543683087?epid=78092354&hash=item4900a8ec0f:g:jo0AAOSwq85hLp17&amdata=enc%3AAQAHAAAA4H6jkAyt%2FcCbC7CFA5XDpyzWUMHWe5HaWRcyvc%2FjZ0Va%2BMCYJ5zm4Ngdfvx95yBURjqgHypVX0Q4VVNerGJ6G0AkiRB%2FP3CbH8ileRb4vTgRFM3heu01g27EMUZhy2pUzd3SEbau7SgoDRRcv2beWSUQxVcj4VvheSBIGY6FhbqCOTIPtKDZjkWxAqmdWpqQBJ8PK4%2B1GHOuj66t4MZP8u1NTPeUAY4NFcsSRb%2BBslUwJy0k%2B3bZ7uXOuS5drkBQmy%2BakUHU22qFePGiQWV2wE%2BDdN7laL960hkofwpnc3nv%7Ctkp%3ABFBM1L7ekp9g
"Apple MacBook Pro Retina 15 Inch (256GB SSD, Intel Core i7 ., 2.30 GHz,...",Pre-Owned,$475.00,,+$74.00 , United States,https://www.ebay.com/itm/354068485663?epid=14027325568&hash=item527020561f:g:GW0AAOSwSoBihnvH&amdata=enc%3AAQAHAAAA4GKJIMqmVdK44PGAKK7XYt54SA%2FiWMRo96Tt9UUpZNgN35NIzjm5vthxddZ44eCb%2BAyeUo0TyzpUTJFLApMMZkyHVb5ctGc%2Bc5KohnuuCqwMletkQx5YUtBF0TgVet9tnqF7pOOREfOlUJBqLeBMM6OaUgVbkrCz2wc55cbEJ7Wqv%2Fy98UuD%2BntWWE4MsPRh7IHRDaYz1na2ZKBF4WpBG7RoD6x0CULVSgkAmspgEAeoiOHtqlVnW4sSkaCdh3AipbR7qTgyP9RnhbZ5OS51hRu8JrddQv9XyZsFpmnWuhfQ%7Ctkp%3ABFBM1L7ekp9g
Apple Macbook pro 13‚Äù 2.5GHz intel core i5 2012 8GB RAM 500GB HDD,Pre-Owned,$299.00,,+$84.55 , United States,https://www.ebay.com/itm/164917425909?epid=132165110&hash=item2665d836f5:g:tcsAAOSwX31gy2wY&amdata=enc%3AAQAHAAAA4B4TeYK4%2B%2BBgkReGaStOcFelNL%2BxqlQVdPsipsEQhnL3JifPjBJpzVDopBHFtF3hGnFuP4d5U6qF4GIQwtLUJxwKreuGhvu6EdjaSyhf1NCEmrT%2B%2F6B3NaMoCxlfTesSi8r%2F1ms0i2K3uu6sGN47wrtk7mFlU36rUOs2JJAH3E4a7Abe1kko%2B7EYuKspSfOAVp6VspjV%2BXj2eUNnuu3GSQqUjlKl%2BqrJYTM0LCBF6YUMWlMmIAXmGaqj8pt5k%2Bn4%2FQ7km8576US6aOYlyC6Hxcb%2B7T%2Blk2vaVSd2M1%2FVBphR%7Ctkp%3ABFBM1r7ekp9g
"Apple MacBook Pro 13in (1TB SSD, Intel Core i7 8th Gen., 2.8GHz, 16GB RAM)",Pre-Owned,"$1,400.00",,+$280.67 , United States,https://www.ebay.com/itm/175269263163?epid=10047112655&hash=item28cedcb73b:g:kZ8AAOSwJsZic2Er&amdata=enc%3AAQAHAAAA4HgmkCk%2FqU9uF9ZnaDme0t6hwDpr1hiIhZQlzYZSAfbo4vE8eIcEUXdUV3fXAfXSSfscxBiFgeJ5oEda8mOyygkwhBbtPzzY2GwNSVfzArjfRAiqqUlxndJvCPCAsTLWFNnxYG21URc94T1ecuMYDgm6T098m%2Fw7xikCgiw9awUkgYWiXYdVhbW9IxNgSeOP9UPHDW0C2dAkq7FJ3YpgvoPI1F9iZAZoybTfz6D9lwIDyYFSJuNJytJQAN1k6yFNNI%2FU0kEy7m1OsTcYku9fdUaPiqGrDDvYtJh37zrVZbyQ%7Ctkp%3ABFBM1r7ekp9g
"Apple MacBook Pro (16"" 2019) 2.3 GHz i9 / 32GB RAM / 1TB SSD",Pre-Owned,"$1,599.00",,+$744.49 , United States,https://www.ebay.com/itm/234563122047?hash=item369d0d337f:g:qW8AAOSw0Stiirip
"Apple MacBook Pro 15.4"" 2018 i7 256GB - MR932LL/A (See Description)",Parts Only,$674.90,,+$49.00 , United States,https://www.ebay.com/itm/403512150155?epid=3022303567&hash=item5df332c88b:g:XS4AAOSwvIZiH9KB
"Apple MacBook Air 13.3"" 1.6GHz i5 8 256GB - ROSE GOLD - MVFN2LL/A (black screen)",Parts Only,$424.44,,+$49.00 , United States,https://www.ebay.com/itm/402893133911?epid=26032823201&hash=item5dce4d5857:g:nCYAAOSwv59gf5sl
"Apple MacBook Pro A1278¬† 13.3"" Laptop - FOR PARTS ‚Ä¢ AS-IS",Parts Only,$75.00,,+$70.00 , United States,https://www.ebay.com/itm/354002067216?epid=78092464&hash=item526c2adf10:g:Hf4AAOSwI~piUuku
Apple MacBook MA699LL/A A1181 EMC 2121 C2D 1.83GHz 2GB DDR2 80GB HD OS 10.6.8,Parts Only,$89.00,,+$296.88 , United States,https://www.ebay.com/itm/132995340688?hash=item1ef723d990:g:NFsAAOSwi1lcAc1N
"Lot of 6x 13"" Glossy APPLE MacBook Pro Intel Core i5 2nd Gen 4GB 500GB HDD 2011",Pre-Owned,$888.58,,+$321.15 , United States,https://www.ebay.com/itm/255549460174?hash=item3b7fef4ece:g:5pcAAOSwE8Nii-o~
"Apple 13"" MacBook Pro 2012 2.5GHz Core i5 500GB HDD 4GB A1278 MD101LL/A B Grade",Pre-Owned,$298.99,,+$66.00 , United States,https://www.ebay.com/itm/185364425442?hash=item2b2894aae2:g:IWAAAOSwnRFh9faG&amdata=enc%3AAQAHAAAA4OlFsRP03CaEdTebsVbfo5W%2FpJ2BGFAvAmOEV%2BgPc9a0hSC001NWfo18fidYRn16bpU4hlzknrGDbYFPH6145Dsq2KQJOCcIrxOaBBHUZ1swYUcgVw0or%2F72x9rNZvSFWFHMc9O7D8bRl9N89S%2BDFm%2FkurLY9zHFBU7tkXTktvFizjAEpudVZUyJjMBtx2C9cDfaAtbXnpGmNMc26ILPN%2Ftk%2F0Y%2FAfmc8oIfrqn2LochEHIsdZB7Bj4Wn6X2r%2FWlb2lJvxweUclC5pEBfARVeqpSBiIhwHsEve4sAv0gGSs9%7Ctkp%3ABFBM1r7ekp9g
macbook pro i5 2012 2.5GHz intel Core 16GB RAM 256GB SSD,Pre-Owned,$429.00,,+$84.55 , United States,https://www.ebay.com/itm/164675473084?hash=item26576c4ebc:g:03EAAOSwG8tgFHai&amdata=enc%3AAQAHAAAA4AjyWo709J8PbAxF1sNbJ8OwLqjbRNPQtlGcTDZCC2LMVnmO6S22DrA94d6TxfB6Ojfmgh3RMroO0xG7Ss4aBFGBzaLvcB8BaefeFr0%2BFPZVN3i%2FG38Se34HM8yfYgfPxKno%2BvCYK6FBPLKepsfabzcn9aQxNDmrDwidVIhVWTWLKBp98Icm0t70UcMzHZz%2Bn9JKLpqolM7u3yfsISWyYHdC%2FfIj2K3as8GwgnqIA3wN0RBjDNoQusXhDCfZ0dRrp%2FS3bht%2Fft%2Fvc8YLcoR%2FxD1DLEDCxNJaV8Gb7A%2FoYzc7%7Ctkp%3ABFBM1r7ekp9g
"Apple MacBook Pro 13.3"" 2018 i5 256GB - MR9Q2LL/A",Pre-Owned,$647.99,,+$49.00 , United States,https://www.ebay.com/itm/403526601139?epid=5021491514&hash=item5df40f49b3:g:MjoAAOSwFKxiJ5E6
Apple MacBook Pro 15 Laptop / Quad Core /16GB RAM 2TB HD.,Pre-Owned,$799.00,,+$45.00 , United States,https://www.ebay.com/itm/154976282763?hash=item24154e688b:g:dTIAAOSwhVZicGL7
"Apple MacBook Pro A1278 9,2 13"" 2.5GHz i5-3210M 8GB RAM 250GB SD 10.15 (Grade A)",Pre-Owned,$169.99,15% off,+$162.05 , United States,https://www.ebay.com/itm/374061825238?hash=item5717d27cd6:g:EW4AAOSw3XRg1Iil
Apple MacBook Pro - Apple M1 8GB 512GB SSD - Touch Bar - MYD92LL/A,Parts Only,$679.87,,+$49.00 , United States,https://www.ebay.com/itm/403630530680?epid=24042406150&hash=item5dfa412078:g:~~8AAOSw17ViApm-
"Apple MacBook Air A1466 6,2 13"" Laptop 1.7GHz i7 8GB RAM 128GB SSD 11.0 Grade A",Pre-Owned,$237.99,15% off,+$162.05 , United States,https://www.ebay.com/itm/384817818744?hash=item5998edec78:g:c~MAAOSwkpth3e0J
"Apple Macbook Pro 13"" 2017 Space Gray i7 2.5GHz 16GB 256GB SSD MPXQ2LL/A LB",Very Good - Refurbished,$629.99,,+$66.95 , United States,https://www.ebay.com/itm/403525061146?epid=238194934&hash=item5df3f7ca1a:g:Z04AAOSwDspiYD5k
"Apple MacBook Air 2018 13.3"" i5-8210Y 128GB - MRE82LL/A",Pre-Owned,$429.00,,+$49.00 , United States,https://www.ebay.com/itm/403500530406?epid=12025311918&hash=item5df2817ae6:g:fPIAAOSwnvRiGVAE
"APPLE MACBOOK AIR 2020 13.3"" (DAMAGE TO LCD)- MWTL2LL/A",Parts Only,$422.90,,+$66.00 , United States,https://www.ebay.com/itm/403495903046?epid=5037481122&hash=item5df23adf46:g:UlEAAOSwgWph8v5y
"Apple MacBook Air 13.3"" 1.6GHz i5/8GB/128GB - SPACE GRAY - MVFH2LL/A",Pre-Owned,$505.44,,+$49.00 , United States,https://www.ebay.com/itm/403342693145?epid=18032820715&hash=item5de9191319:g:DokAAOSwBC1gi4A9
"Apple MacBook Pro 13.3"" 2020 I5 16GB 512GB, SPACE GRAY - MWP42LL/A",Parts Only,$584.88,,+$66.00 , United States,https://www.ebay.com/itm/403461172177?epid=20038050818&hash=item5df028ebd1:g:mxMAAOSwx0diBBmJ
Apple Macbook Pro (2020) i5-8257U 8GB 256GB Touch Bar MXK32LL/A,Parts Only,$494.88,,+$49.00 , United States,https://www.ebay.com/itm/403526762375?epid=4038042762&hash=item5df411bf87:g:bEMAAOSw~XxgpS~x
"Apple MacBook Pro 13.3"" mid-2019 Intel i5 128GB - MV962LL/A - Space Gray",Pre-Owned,$587.16,,+$66.00 , United States,https://www.ebay.com/itm/403495904764?epid=2303158019&hash=item5df23ae5fc:g:MvEAAOSwK1xfqDTG
"MACBOOK PRO 2019 TOUCH BAR 16"" 3072x1920 i7-9750H 16 512GB MVVJ2LL/A",Pre-Owned,$999.87,,+$66.00 , United States,https://www.ebay.com/itm/403591231517?epid=18035226370&hash=item5df7e9781d:g:FxQAAOSwyJRiVX~o
"APPLE MACBOOK PRO 13.3"" 2560x1600 256GB - MYD82LL/A",Parts Only,$530.88,,+$66.00 , United States,https://www.ebay.com/itm/403544813355?epid=11042403493&hash=item5df5252f2b:g:Ru0AAOSwtr9iM1tB
"Apple MacBook Air 2011 A1369 MC965LL/A 13.3"" Core i5 1.7GHz 4GB, 256GB, Catalina",Parts Only,$209.00,,+$79.00 , United States,https://www.ebay.com/itm/133801686876?epid=108849307&hash=item1f2733b75c:g:TIkAAOSw215g2ipQ
"Apple MacBook Pro 15"" 2015 Silver i7-4770HQ 16GB 256GB SSD Big Sur MJLQ2LL/A LC",Good - Refurbished,$474.99,,+$62.46 , United States,https://www.ebay.com/itm/403613623160?hash=item5df93f2378:g:Y6EAAOSwM0tiRv3M
Apple 2018 15 in MacBook Pro TB 2.9GHz 6-core i9 16GB 2TB SSD RP560X 666AN,Pre-Owned,"$1,150.00",,+$86.50 , United States,https://www.ebay.com/itm/144535099278?hash=item21a6f6978e:g:dXcAAOSwDQhicDYV
MacBook Air,Pre-Owned,$650.00,,+$36.00 , United States,https://www.ebay.com/itm/354051881879?hash=item526f22fb97:g:N18AAOSwdxtic0dV
Apple MacBook A1181 2009 -2.0GHz C2D-2.0GB RAM-500GB HDD- NEW BATTERY,Pre-Owned,$69.99,,+$74.00 , United States,https://www.ebay.com/itm/265595821313?hash=item3dd6be9d01:g:SKsAAOSwo5BiL-3B&amdata=enc%3AAQAHAAAA4DRelPMaZvvLrw1aQJcQkXFiJuqbizoiB4Zmsn%2BqCw4P91FJntKMNh4h%2FsvyGeQ0NaqcWRoIKmQNLPNgwIuqwCkuWdW3TM3u%2BAMtE4wCWjTMRzAIos3Vt5g1y3CkYz2l%2FQDlNjXHc%2FUpZGGBsKlM6knWUhXfRK6kPP1cGuzHEYtWQdRTEallru1AeGBeWh6SqF2wUJaH%2Bll9c5pydP5R%2FDccH9gl3l0w9fK4qJy4gp7nzzWVsAu1Y5t91kq%2BKUzoRpo%2Bo2OeDPpuNxOzp5fx8Nw%2F2K7XpInc%2BBfdnPmkKbnl%7Ctkp%3ABFBM1r7ekp9g
MacBook Air 2014 Good Condition 615 Cycle,Pre-Owned,$245.00,,+$50.00 , United States,https://www.ebay.com/itm/224996663419?hash=item3462d8a07b:g:TKAAAOSwR6ligQpJ&amdata=enc%3AAQAHAAAA4A4u0flfGdRFKpS9730o%2FgZM5dzUrtOkESMzL8%2BBYevzrU9iImbU9y9MvsD%2FchOOj7nDIAtXYcUEmNnNeRQLbOetM4EvsyQFqWV5LmzXvUWiwRBgqt1jYSJKLGIbuem6SB8IwjuipnodFmqHxjYSx9jLOROPXF%2FsP%2FVk2NOq0C0muIfIEXj7V9hKH7Qgnjh4mzm3FJuR5PcjH2Z8oHvhPkc3aNNilMO7Gxr2hysiEJ67tVMGegqlSuv2xlAFffY0E1Di9cuvT4iy4txECy6TguK8HQy8XaHmH%2BBXQk7%2FTp%2B2%7Ctkp%3ABFBM1r7ekp9g
Shop on eBay,Brand New,$20.00,,,,https://ebay.com/itm/123456?hash=item28caef0a3a:g:E3kAAOSwlGJiMikD&amdata=enc%3AAQAHAAAAsJoWXGf0hxNZspTmhb8%2FTJCCurAWCHuXJ2Xi3S9cwXL6BX04zSEiVaDMCvsUbApftgXEAHGJU1ZGugZO%2FnW1U7Gb6vgoL%2BmXlqCbLkwoZfF3AUAK8YvJ5B4%2BnhFA7ID4dxpYs4jjExEnN5SR2g1mQe7QtLkmGt%2FZ%2FbH2W62cXPuKbf550ExbnBPO2QJyZTXYCuw5KVkMdFMDuoB4p3FwJKcSPzez5kyQyVjyiIq6PB2q%7Ctkp%3ABlBMULq7kqyXYA
"UPGRADED MacBook Air 11"", 2013 MD711LL/A, Core i5, NEW 1TB M.2 SSD, CLEAN",Pre-Owned,$512.00,20% off,+$71.85 , United States,https://www.ebay.com/itm/125232413598?hash=item1d286efb9e:g:0RgAAOSw5eBfchDX&amdata=enc%3AAQAHAAAA4GM5d6tg8PDPegM3kytNI3tKfTgIRNwEiGNpYB2550tS6sWWaGNLkOfK5SeYXUagqr%2B8%2FgKpsIqqwPjr%2B%2FWS6702sk%2Bs92%2Fneqzc38E9%2Fy9qfX1%2BzHntpcTFx0lwMxYmJufe0DRfcwm19RzSsOD9Dal5UMp3lT1LvDoJVdZNXk6vtVREJtFqvGIHDw9yYd7wIbz92WIKB1AFcmDHfcaR6zKXficF3Pn4O09QWdgTU57oxOyaVH0vSfjw9m2oboKoRV7PGFKCSu9%2Bn43IPUas9BcnQwxm4BVn%2BAuYyFrID5vQ%7Ctkp%3ABFBMnOnekp9g
"Apple MacBook Air 11"" MD711LL/A i5-4250u 1.3GHz 4GB RAM 120GB SSD OS 10.15",Pre-Owned,$130.00,,Shipping not specified, United States,https://www.ebay.com/itm/325193056652?hash=item4bb704418c:g:kmMAAOSw1AZicZhV&amdata=enc%3AAQAHAAAA4G%2FTQc1Ensqj3Accu4WqNvdIOHoxSvxx%2F0ZxVn8xma0cw2LjnxCkYyB5mutgGJC3lsV0Fm75zmGZ7DKr0IsumZXPUV9sTULWu%2Fex0SPxKEhZkD7muysknsDpR3ec6ybSvCSXj1BJ0qnhzgvDA9ted%2BE3OZFSvSV39J3T9qcmH%2FwyShCq1bYUfVYuQvWuOgK9XUihBlt%2Bj4eCnoIYn0ITh3yHyXke%2FwCrWvjfdqKJC2CwyX%2Fz8q1GA0iodz0EwFNhWeVIm7oDCxyW98AxyAs2OX%2F6qXYGDxy%2FbooP3iTlE%2FEC%7Ctkp%3ABFBMnOnekp9g
apple Macbook pro 13‚Äù 2.5GHz i5 2012 8GB RAM 500GB HDD,Pre-Owned,$325.00,,+$84.55 , United States,https://www.ebay.com/itm/164849410067?hash=item2661ca6013:g:yfsAAOSwZGRgkZlW&amdata=enc%3AAQAHAAAA4B5PPdce2mCYzYnzpRijj7vw9NqTaw6vQe0VJv9Bxo%2BzHYvI4yXa2MDlnTb0NlO9eI5I0bZc4wy38tHj3RsaBVvkjcF2vrHH2nDSUqSyF0GP3MHmzDxTIcKY7luRM1lez77kM462bc%2Fkq2G7econ%2F7O%2BYObkcqG8Ru6iDQqk71Ik6zBLfdGoGBMO67IlS6EKqq%2Fux2%2BET%2BWUO480pqf2SLB%2F7bmTH34zqO1fVECq8msgcCwLr0r0u13UgM8%2BpYnjCI1dXYMUrLACCdQl02c2lo85Lhzg0LzaTTPzNFg7RLce%7Ctkp%3ABFBMnOnekp9g
Apple Macbook Pro 13.3‚Äù 8GB,Pre-Owned,$600.00,,+$110.40 , United States,https://www.ebay.com/itm/125275902960?hash=item1d2b0693f0:g:38IAAOSwoe9iY17n&amdata=enc%3AAQAHAAAA4OfVyZtyX%2FXkyB2OzXAUEAqt4nRSCjEGW5hY3rSon5Q9tih6zcghYTWvqtjhZKe1GpoCTpyDfSRNKrK6Km2WDiEY5amCG0on%2BYvzic9Tv2HJjLkzwtjqrnKLjsg8jrwBj0mATLyjjpKkhOgOGeYOXi4%2BBxckzc9%2Fd8MyIHxu20XiK3kQGl0TVx2ciQXBc7oESP0zXo%2B1RldcPffOQlrMyaKB2AmseLvvxt78c5wpbGKrStTD2mR9ARR1e%2B%2Bf0nhrteKoXhdytnSnvy%2BfYZbRLJUlRf13gtd3nZAfVedyk8vO%7Ctkp%3ABFBMnOnekp9g
"MacBook Pro (13-inch, Late 2011) - excellent condition, (bundle)",Pre-Owned,$139.95,,+$70.00 , United States,https://www.ebay.com/itm/125234639532?hash=item1d2890f2ac:g:QQ0AAOSwxFxiRg8v
Apple MacBook Pro 13 Laptop | Space Gray | 2017-2018 | 2.3GHz i5 | SSD | RETINA,Pre-Owned,$750.00,,+$352.91 , United States,https://www.ebay.com/itm/334213861952?hash=item4dd0b2d240:g:PDoAAOSwroBhi-Zt
"Apple MacBook Pro 13"" (512GB SSD, Intel Core i5 512 SSD, 2.6 GHz , 8GB RAM 2013",Pre-Owned,$387.00,,+$36.00 , United States,https://www.ebay.com/itm/284614837867?epid=14031879821&hash=item42445dc66b:g:l4MAAOSwljth50Ie
$49.99 MACBOOK PRO A1278 CORE 2 DUO 2GHZ 2GB RAM 160GB Mid 2008 Office 2008 #291,Pre-Owned,$49.99,,+$84.55 , United States,https://www.ebay.com/itm/284821682785?hash=item4250b1fa61:g:l40AAOSwgz9iV3Aq
"Apple MacBook Pro 16"" A2141 w/ Touch Bar (Intel Core i9, 32GB RAM, 1TB SSD)",Pre-Owned,"$1,800.00",,+$96.25 , United States,https://www.ebay.com/itm/175275321609?epid=5038046911&hash=item28cf392909:g:WfoAAOSw6nRiedzP
Apple MacBook Pro 13 inch Laptop - A1278 (Mid 2012) NO POWER,Parts Only,$99.99,,+$22.00 , United States,https://www.ebay.com/itm/363848781358?epid=11018155632&hash=item54b713ce2e:g:dqUAAOSwnL5ii-9H
"Apple MacBook Air A1369 MC503LL/A 13.3"" C2D 1.86GHz 2GB RAM, 256GB SSD, Catalina",Parts Only,$205.00,,+$114.10 , United States,https://www.ebay.com/itm/133583296219?epid=94119331&hash=item1f1a2f56db:g:VwwAAOSw31xfuJG5
"USED Original APPLE MacBook Air 2008 (A1237) 13"" INTEL 1.6 GHz Core 2 Duo 2GB",Pre-Owned,$299.00,,+$39.00 , United States,https://www.ebay.com/itm/324521943760?hash=item4b8f03e2d0:g:PrMAAOSwZrJgTr86
Vintage Apple Mac MacBook 4.1 C2D A1181 White Laptop 4GB 160GB DVD-R OS 10.6.3,Pre-Owned,$150.00,,+$150.00 , United States,https://www.ebay.com/itm/115063670422?hash=item1aca544696:g:kCYAAOSwwWxhdwb0
"Apple MacBook Pro 15"" 2.3GHz i7 4GB RAM 1TB HDD Geforce Graphics Thai / English!",Pre-Owned,$499.99,,+$87.00 , United States,https://www.ebay.com/itm/185364425437?epid=115231153&hash=item2b2894aadd:g:T~wAAOSwzG5h9foY&amdata=enc%3AAQAHAAAA4DaEhBDvsPkYWzH7pvB%2FuDX6seWG%2B9tgf1RIqDGdUPGes5na%2BTxMrMKihV6SpumsgfXLt1V2CG%2BTNfPdH5Y3LF7Vnv0TzpdCIE1qKi5WeP6%2FpaGbha1sz2HvFMRIyLMYk3S94FW0t61Rfq7Gz1xB6xdvotzZjfGBUXTMNFbTFKAC3xOi93hxkN1HbzxloNqkDvtmH9C7WEAnEZZA321wvX3ju7w4EPZ2cQUfU3BYlJe5tqWXC5dErIv1JjLfdrxJtSVBsd1lO8MexhOXMPHyMFWqc6rDZmlMmiPfNqJSN1DR%7Ctkp%3ABFBMnOnekp9g
FINAL UNIT Apple MacBook A1181 Intel 2.4GHz 2GB RAM 160GB HD 10.5 MS Office 2008,Pre-Owned,$59.99,,+$84.55 , United States,https://www.ebay.com/itm/284825259379?hash=item4250e88d73:g:Xm0AAOSwH~1h53mK&amdata=enc%3AAQAHAAAA4NtvmLZ2lrcbDTFqPlCHeTOwR2utRtCPb%2Fykuw0R1as5V4M%2BL0Z0N8LOkl2Z%2FsI5yVU1RzfdarxguMrmTwCIYcCGGKw%2BJdK5mr8sg9G2ZvT4jE9M7IW43t2ptnZZiAV3woEiO44YxyI4zbOFN5VCTBaEmif8sjuJ1SOaSd4xYeVaT1gPM%2B3Hnji%2B%2FuORkTGBbzIIL2MzzAqGFjLyoEXwcQxX5e%2B3Ri6M%2F3gy66r6ny7Ks4Y9mQyGGDY6FBDsf6ZEZ0Q3KKC1Wcv8RMKZomXTWkBSC0SQeQ9AwBb8O30lu2cL%7Ctkp%3ABFBMnOnekp9g
"Apple MacBook Pro 15"" (512GB SSD, Intel Core i7 Qaud Core , 2.9 GHz, 16GB)...",Open Box,"$1,125.00",,+$74.00 , United States,https://www.ebay.com/itm/133998651637?epid=238296328&hash=item1f32f128f5:g:dZEAAOSwwk5h5zbC&amdata=enc%3AAQAHAAAA4N83VsToEnAMU4QiTNOTS1rcJLTB389JgZ5etjSVmv33EZM4XLWFnydzMtIvgFLHcXckrslnb0u4fOYCHk9zLtPy4Ko8NxyPRKR8mYAaVn1QXe3EZCo2ZBCXOZUvWtHK18AKoGTNj0SNdNVzoE4egf2qK%2BBBCyUHRsE6squBaJS2YYyO0vCMpKDA8%2BTDBt2%2BYSkVFBhWLU7JzVkHJ%2FwgNNRbpeelIste1tnNmAcSjEAzR%2Bq2W0iAf0gOOP%2Bf5HPzALeQl5xRsoxY3g%2BW28tluwC%2FtPIl33qyk7n7uUMk8RfO%7Ctkp%3ABFBMnOnekp9g
"Apple MacBook Pro 13-Inch ""Core i5"" 2.5 Mid-2012",Pre-Owned,$100.00,,+$70.00 , United States,https://www.ebay.com/itm/255549635957?hash=item3b7ff1fd75:g:QOkAAOSw5GFiX3LA
"Apple MacBook Air 11.6"" Laptop (2013) (Scratch and Dent)(Intel Core i5 1.3GHz)",Pre-Owned,$205.00,,+$66.00 , United States,https://www.ebay.com/itm/185425219475?hash=item2b2c344f93:g:pQkAAOSwMRtif9zw
"Apple MacBook Air 13.3"" 2017 A1466 i5-5350U 1.8GHz 8GB RAM 128GB SSD Catalina",Pre-Owned,$279.80,,+$82.74 , United States,https://www.ebay.com/itm/275290326281?epid=26045504222&hash=item4018950509:g:nCgAAOSwnXViaUea
New ListingApple MacBook Air 1.6GHz 128GB SSD 2015 MJVM2LL/A Turbo Boost 2.7GHz,Pre-Owned,$218.33,,+$129.00 , United States,https://www.ebay.com/itm/275323924465?hash=item401a95aff1:g:Ah0AAOSwoKtijQy0
"MACBOOK PRO RETIA 13"" A1706 2017 I7 3.5GHZ, 16G RAM, 512G SSD, MOJAVE, ADOBE CS6",Pre-Owned,$649.00,,+$90.00 , United States,https://www.ebay.com/itm/325192222500?hash=item4bb6f78724:g:Zz4AAOSwQcligvmj
"Apple MacBook Pro 13.3"" i5-8257U 1.4GHZ 8 128GB SSD - MUHN2LL/A",Parts Only,$431.88,,+$49.00 , United States,https://www.ebay.com/itm/403542734707?epid=14032813598&hash=item5df5057773:g:AzoAAOSwkf9iMMGq
"Apple MacBook Pro 15"" 2018 i7 2.7GHz 16GB 512GB Faulty Display For Parts #0006",Parts Only,$455.99,,+$121.80 , United States,https://www.ebay.com/itm/275307288487?hash=item401997d7a7:g:vCoAAOSwRU9iewRf
"New ListingMacbook Pro 15‚Äù i9 2.3Ghz 512GB, 16GB RAM, Radeon Pro 560X, 2880x1800 retina",Pre-Owned,"$1,180.00",,+$86.50 , United States,https://www.ebay.com/itm/125330627781?hash=item1d2e499cc5:g:KpUAAOSwlANijGco
"APPLE MACBOOK AIR 2020 13.3"" - MGNE3LL/A (See Description) - GOLD",Parts Only,$529.89,,+$66.00 , United States,https://www.ebay.com/itm/403656949850?epid=19042413524&hash=item5dfbd4405a:g:VQIAAOSw12RieTPW
"APPLE MACBOOK AIR 13.3"" SPACE GRAY - MWTJ2LL/A (BROKEN LCD SCREEN)",Parts Only,$431.88,,+$49.00 , United States,https://www.ebay.com/itm/403459290293?epid=18037475331&hash=item5df00c34b5:g:QF0AAOSwIIxiAugi
"Apple MacBook Pro 13.3"" Intel Core i7 512Gb - Space Grey- MXK52LL/A",Parts Only,$584.72,,+$66.00 , United States,https://www.ebay.com/itm/403466285078?epid=24038045804&hash=item5df076f016:g:jxYAAOSw9N5iBuFs
"New ListingAPPLE MACBOOK PRO (TOUCH BAR) 13.3"" (NO OS)",Parts Only,"$2,000.00",,+$66.00 , United States,https://www.ebay.com/itm/403678073784?epid=2303862850&hash=item5dfd1693b8:g:AzsAAOSw29Nh8GPl
"UPGRADED MacBook Pro 13"" Retina, 2013 ME864LL/A, Core i5, 8gb RAM, NEW 1tb SSD",Pre-Owned,$744.00,20% off,+$81.60 , United States,https://www.ebay.com/itm/125234674739?epid=24051384240&hash=item1d28917c33:g:tKoAAOSwvmJiRhUq&amdata=enc%3AAQAHAAAA4K4adS%2BGglSdGoVWmV%2B52izvn2DtI3%2F6IlJHnlTcXp%2FPFGzBCq%2BeL%2FfI0EAfJ0KiUvYFkXsEASXp5OG%2BlDN6OlHam6ILhrGqxMyx2wU34okLbScUK3z%2FyFUpgytNtM4lbA3Drdwx8ckNsd%2FIPTRPhqdg%2FZmbhJH42v4T4udp2JKSVtJO1h1492lkapypu6fVLc32c3%2FcPFtyOrbDnFYH5HFZawGnxWF5hwWzqkEgzJqCAPSy%2FsmpVbG35bfsilbdtrI96CrHalec47C69qQY9UIHEaScJlEpzX7G4cIw6AxO%7Ctkp%3ABFBMnOnekp9g
"Apple MacBook Pro A1211¬† 15.4"" Laptop - MA609LL/A (October, 2006) AS IS",Parts Only,$49.45,10% off,+$79.00 , United States,https://www.ebay.com/itm/275176926860?epid=98843026&hash=item4011d2ae8c:g:~FwAAOSwZYZiExmJ&amdata=enc%3AAQAHAAAA4M3buYgpZjwtcXuablHBJBKsSlcNYhKcJnlgR2Gd60FPvQyi74TyEuuNJLd7xMTpqOBvJJJvkXDTnnL6XH%2FkcIgr%2BhC0%2FuRy5wJcDSLxFM07ainCvFca3umigDL2zlUqTOy2XPFSlHuH9whCFJILz9H7jVSlkbdvW5zDlYwfpMNDGkchTNZhf3t9nwLkGcx%2BJHPztq0BEep1meHJV0Erz7nGhBLxgQLfdGxB%2ByJ%2FEO8z%2FFPoJkXfWEHz8i5KmsP3TYdRGIChgTqZRKyxDQy13%2B%2BB%2FJV3dNQUYeUfpi0gvw%2Bc%7Ctkp%3ABFBMnOnekp9g
"Apple MacBook Pro 16"" (1TB SSD, Intel Core i9 9th Gen., 2.30 GHz, 16GB) Laptop -",Pre-Owned,"$1,889.92",,Free International Shipping, United States,https://www.ebay.com/itm/255337286082?epid=6035192020&hash=item3b7349c9c2:g:gGQAAOSwK0ph5aTL&amdata=enc%3AAQAHAAAA4HVDZNG86sFiBc3ORUYBXj1ebDvrRPJDClXrMGyzij5U4IhH3%2BqELC4%2BNcMpCPbWBWVqJkG2Hpe3xxtEI08X0yi6dWWFCiDUt4vjbaqQ5qc54Kv%2FOP6SdGdT1aBWu1G4khvkv33ftF4%2B1Mquz3xziYHCrK2wkY8g7dvnKjtJdmYxHablmTgWH5u9Bv1Oo0e2SDP0%2FigxvmDiyGP3qha%2BCgnZE5CX8PFwCmzTAkRXqf9%2BN0jxEUW2xH8UsA%2BHyr2qpKLHsgskxTwC%2F1Q6bf3IhYdgTuxJLMvoaiLDV9sbTB3u%7Ctkp%3ABFBMnOnekp9g
"Apple MacBook 13"" Laptop 2.4GHz Intel Core 2 Duo 6GB RAM 500GB SSHD Choose OS",Pre-Owned,$159.99,,+$91.40 , United States,https://www.ebay.com/itm/175290318265?hash=item28d01dfdb9:g:ORMAAOSwudxiiTfT&amdata=enc%3AAQAHAAAA4JM%2F5wLv5lFOiQPZWoHvzHjFsj4ZdJO1J5vJ4sKCiLlYGo1aq83UnUC6i%2FerR7fN7WRiouRO0WZj4dE4jJHEXzuzlO6YjYPHj0MAxHb110hVBr4vfb3H4%2BeJqqzVn%2Fos9FwUu6iSx0TmbXeEXhX%2BvMFzxLGfJnQgjJ5uuqO9plH6F%2BBV0pX6ul%2B8Je5B%2BqGBTSRYdJ6onnSo%2F9uaObShi7KS6EGG41Hy4s5GE%2FCEEVzgXCSRk8JJ1GUosAjlnIQTAOPNtmQWVuBueNQvi0M9Nxo9voCYNJa%2FUPGV9k6xYyBe%7Ctkp%3ABFBMnOnekp9g
Apple MacBook Air - 8GB 256GB -2560X1600 MGN63LL/A,Parts Only,$494.88,,+$49.00 , United States,https://www.ebay.com/itm/403526829912?epid=15042414801&hash=item5df412c758:g:scgAAOSwse5iJ4cW
MacBook Pro 2017 13 inch 256gb,Pre-Owned,$600.00,,+$49.00 , United States,https://www.ebay.com/itm/294853177515?hash=item44a69e70ab:g:W9UAAOSwGJFiJ9k5
"//Apple MacBook Air Laptop Core i5 1.4GHz 4GB RAM 128GB SSD 11"" MD711LL/B (2014)",Pre-Owned,$399.99,,+$239.99 , United States,https://www.ebay.com/itm/124744878315?epid=2206430545&hash=item1d0b5fc8eb:g:790AAOSwkSdgr8nW
"Apple MacBook Pro 15"" 2018 i7 2.6GHz 6-Core 16GB 512GB #22427 READ LISTING",Pre-Owned,$805.99,,+$121.80 , United States,https://www.ebay.com/itm/275102063338?hash=item400d5c5aea:g:~PAAAOSwfSFh2~0p
APPLE MACBOOK PRO TOUCH BAR 13.3'' i5-8279U 8GB 512GB - MV972LL/A,Parts Only,$519.87,,+$49.00 , United States,https://www.ebay.com/itm/403572297679?epid=7032116099&hash=item5df6c88fcf:g:eOsAAOSwtAxiQ2nG
a1278 macbook pro for parts Password protected,Parts Only,$149.99,,+$65.00 , United States,https://www.ebay.com/itm/175063726260?hash=item28c29c78b4:g:ukAAAOSwRL5ht6eW
"Apple MacBook Pro A1278 13"" Laptop - MD101LL/A (Mid-2012)",Pre-Owned,$400.00,,+$112.00 , United States,https://www.ebay.com/itm/174960579730?epid=20019725604&hash=item28bc769492:g:BzMAAOSw7Jlg-gwH&amdata=enc%3AAQAHAAAA4ElBs9OYlwcPsDkz3pfT%2FLXgGUwCJLkXfWEoQwu4ckyGiTxNaocVr5f4Bc6caOonWo3B6qkDEr%2F%2BcHsNGV03qpzo9DsV9%2BjIM7rZe%2FpnKQk%2FGH%2BzWufmYW2LSeLuV2p25BKLjlAPxbCs9YkbVHotJY2fXfIpg2jYczGEFTiuH63uU32NvIRcRg%2F2neKi8iAzN%2F2xEp%2FArkONyyDhnl7x8QD8od82TgBgTyYmH0Pc0LrH8u5Xlf8wkgRrYUyZTNiC0CcStkgXWgQiMPOrZjyfSYUARs0gMXRwsBfXWZS2piXY%7Ctkp%3ABFBMnOnekp9g
"Apple MacBook Pro 13.3"" - Intel Core i5 - 8GB RAM - 256GB - Silver - 2015 model",Pre-Owned,$550.00,,+$101.10 , United States,https://www.ebay.com/itm/373825558226?hash=item5709bd56d2:g:rWQAAOSwJ~5huPsi&amdata=enc%3AAQAHAAAA4CnaDdLq1zj6Ez%2BzqeTMILs9%2BRXEOpKl2036EWlpq15pvLEqk1v%2FBPeI0YpxH3c6Gz5162FGMZiCzXBx9FMmRvi59Y7OP2nUT902bDr1DIt5BoXgvXKXDTu8prrrnXaa1eVOjP7ppsPynqqtPpXxEJ3%2B8htPvBz%2Bqyd2zPfxqXbA8eEhsluTVtvVhAzOf6SxY8t3sph78PAp0AOFdJ4LapLWI8IjtyhT8%2BgW7MQWtHQtsiV49o%2F7JFkMPv%2B%2F2BCqeVGdYxGaAgFEPvo3O4JVYldz%2BDt%2Bc7oNcIzSiGgLC2Kc%7Ctkp%3ABFBMnOnekp9g
"Apple 15.4"" MacBook Pro with Touch Bar Mid 2017, Space Gray, 2TB SSD, i7 3.1ghz",Pre-Owned,"$1,199.99",,+$370.36 , United States,https://www.ebay.com/itm/175239011979?hash=item28cd0f1e8b:g:LW0AAOSwgiZiVZhx
"Apple MacBook Pro 15.4"" 2011 A1286 i7-2635QM 2.0GHz 16GB RAM 1TB HDD OS 10.12.6",Pre-Owned,$249.60,,+$97.39 , United States,https://www.ebay.com/itm/284325396142?hash=item42331d3eae:g:17MAAOSw9L9gv5yI
"New ListingApple MacBook Air A1304 13.3"" Laptop - MB543LL/A (October, 2008)",Pre-Owned,$79.95,,+$27.00 , United States,https://www.ebay.com/itm/314009175835?epid=78114261&hash=item491c67c71b:g:pGYAAOSw4GliaglP
"Apple MacBook Pro 13in (512GB SSD, M1, 8GB) Laptop - Space Gray",Pre-Owned,"$1,099.00",,+$101.10 , United States,https://www.ebay.com/itm/134097728566?epid=24042406150&hash=item1f38d8f436:g:xSUAAOSwcdZiZzFR
"Apple MacBook Pro 13"" i5 8GB RAM 256GB SSD - MPXT2LL/A - (June 2017 Edition)",Parts Only,$494.10,,+$49.00 , United States,https://www.ebay.com/itm/402682459843?epid=238296338&hash=item5dc1beb6c3:g:FWYAAOSwFSpgIL2k
"MACBOOK PRO A1398 15"" 2015,I7 2.8GHZ,16G RAM,512G SSD,2GVIDEO, MOJAVE, ADOBE CS6",Pre-Owned,$749.00,,+$95.00 , United States,https://www.ebay.com/itm/325185868335?hash=item4bb696922f:g:h2IAAOSwIn1ifDq5
2017 Apple MacBook Pro A1707 i7 7820HQ2.9GH 16GB 512GB Rad 4GB Pro 560 Touch Bar,Pre-Owned,$769.00,,+$86.83 , United States,https://www.ebay.com/itm/373770842450?hash=item57067a7152:g:jQcAAOSwkYNg3JdO
Apple Mac iBook A1005 Untested,Parts Only,$42.00,,+$70.00 , United States,https://www.ebay.com/itm/325178015027?hash=item4bb61ebd33:g:YJoAAOSwtwph1OHX
"MacBook Pro 2019 13 inch touch bar, model #A2159. PLEASE READ Description!",Pre-Owned,$650.00,,+$13.00 , United States,https://www.ebay.com/itm/175231273470?hash=item28cc9909fe:g:djcAAOSwJGlhhJ2n
"13"" APPLE MACBOOK AIR M1 512GB SSD 16GB RAM 8-CORE 8-CORE GPU",Open Box,"$1,396.87",,+$134.00 , United States,https://www.ebay.com/itm/325182261998?hash=item4bb65f8aee:g:M4MAAOSweENfnZjy
Apple MacBook Pro A1278 13 inch Laptop 8 GB Ram 750GB HD 2.3 GHz i5 Early 2011,Pre-Owned,$200.00,,+$85.00 , United States,https://www.ebay.com/itm/115350686332?epid=0&hash=item1adb6fca7c:g:TjoAAOSwFrRiGQZ2
"Apple MacBook Air 13.3"" Retina Core i5 1.6GHz 128GB SSD 8GB RAM French Keyboard",Brand New,"$1,199.95",20% off,+$120.00 , United States,https://www.ebay.com/itm/332402791104?epid=27031084395&hash=item4d64c012c0:g:PaMAAOSwA3xcJBOF
Macbook Air Retina 13in 2020 16 GB RAM Intel Core i5 1TB STORAGE 1YR APPLE CARE,Pre-Owned,"$1,000.00",,+$86.75 , United States,https://www.ebay.com/itm/185435341827?hash=item2b2ccec403:g:CvYAAOSwrzdiiUl5
"Apple 2012 A1466 MacBook Air 13"" 256 GB SSD, Intel Core i5, 1.8GHz, 4GB",Pre-Owned,$189.99,,+$319.38 , United States,https://www.ebay.com/itm/175277515705?hash=item28cf5aa3b9:g:Lr4AAOSwOKtie9fn
"MACBOOK PRO TOUCH BAR 13.3"" i5 16GB 1TB SSD - MWP52LL/A (See Description)",Parts Only,$829.00,,+$66.00 , United States,https://www.ebay.com/itm/403585958631?epid=16038046092&hash=item5df79902e7:g:bjsAAOSwwTZiXb4Q
macbook lot for parts,Parts Only,$100.00,,+$112.00 , United States,https://www.ebay.com/itm/284525120608?hash=item423f04cc60:g:IIwAAOSwKophVpgy
"Apple MacBook Air A1466 5,1 11"" 1.7 GHz i5-3317U 4GB RAM 128GB SSD 10.15 Grade B",Pre-Owned,$144.49,15% off,+$162.05 , United States,https://www.ebay.com/itm/374061803477?hash=item5717d227d5:g:6mgAAOSwzxhidW-X
"Apple MacBook Pro 15"" Retina i7-4770HQ 2.2GHz 16GB RAM 500GB HDD OS X Yosemite",Pre-Owned,$369.00,,+$278.23 , United States,https://www.ebay.com/itm/265699590201?hash=item3ddcee0039:g:fmIAAOSwCF1ihpil
Apple Macbook Pro 2011-intel Core i7 @ 2GHz 16GB RAM 1TB SSD Solid State Drive,Pre-Owned,$350.00,,+$84.00 , United States,https://www.ebay.com/itm/313904919230?hash=item491630f2be:g:FGoAAOSwVTJhdxfL&amdata=enc%3AAQAHAAAA4C7sFwMWG8%2FKNMVJcU9JiHGX9%2BY7o5fD9rVeZK9GJR5RG3VrRbzRmyHZg93GbVaNUMORNRQ55lGr6eWRBA5pwsS0U3QhG29rChKF2r9X8WOfIqrNWJvKzPpbG0mvuIVtgQ8XoKzuFfcDb11MACosfFj4FV7AaKuEueiE4Vp8vzMboHUaNY7R7HCrzPWbGBT5XffqGRLPu4qmNbf3ZRiroviTFsqKfs9BSbQMGmjO0thKyEiFE1TDVmXQCjTryPs92FUO2PniFvC5hLYdDQkIigP%2B1Y4dyisVWqZBgBnSTkfg%7Ctkp%3ABFBMnOnekp9g
"Apple MacBook A1342 13.3"" Laptop - MC207LL/A (October, 2009) - w/ Box - Works!",Pre-Owned,$80.96,10% off,+$79.00 , United States,https://www.ebay.com/itm/275176917133?epid=85150888&hash=item4011d2888d:g:7ugAAOSwh2liExUj&amdata=enc%3AAQAHAAAA4Gc8TVEN4ymzw5h6MC7MQHxVjTbEwhwkSRTz1vBo3Y80On09SRFvMISnm6m9DjTLr11GopQFRcsXz9JQK4N1edABJsiriVA6yc3iSnPAPyHY7Py1Vg7hw0cZ8HMy%2BUJk5cuUlSZInGjHwWG0s47%2BKvkBqDQexKbol%2BuBlZER%2FZj9aNRE%2FR7%2FBr%2BxBOB8zxidKLDsDIUjnC2NTKKqqDiN496QoB6RLZFl48Ljg18qeBZcdELLxuC1LPcpK3hhskNYsfZsQaxT2HZGXaVNoM7yCjjI86kignREkDr6VEkmj0wI%7Ctkp%3ABFBMnunekp9g
